shape,advection,resolution,iterations,optimized,path,measured_trials,divergence_rms,divergence_max,density_weighted_divergence_rms,residual_relative,residual_rms,divergence_before_rms,mass_error_relative,density_min,density_max,wall_velocity_max,pressure_divergence_identity_rms,cpu_gpu_divergence_disagreement_rms,median_projection_ms,median_advection_ms,median_total_ms,cost_q25_ms,cost_q75_ms,l1_to_converged_same_method,l2_to_converged_same_method,l1_to_exact_velocity_same_method,velocity_relative_to_exact,reference_4096_8192_l1,reference_exact_velocity_l1
smooth,sl,32,-1,True,smooth-r32-sl-i-1-rep1,18,4.624705805853064e-08,4.76837158203125e-07,2.7109008491033644e-09,1.0,2.780524336835309e-06,4.634207228058848e-08,-0.0012536964390382184,1.2410929451014507e-27,0.9699345827102661,0.0,1.1807693386858325e-09,1.1807693386858325e-09,0.003232,0.002208,0.005488,0.00544,0.005624,0.0,0.0,0.0,0.0,0.0,0.0
smooth,sl,32,0,True,smooth-r32-sl-i0-rep1,18,1.4608587090201646,4.072528004646301,2.241727623529235,1.0,87.65152258743967,1.4608587097906611,0.031976599239154496,1.635196567400394e-27,0.972781777381897,0.0,3.736468130468113e-08,3.736468130468113e-08,0.005264,0.00216,0.007424,0.0073279999999999994,0.007647999999999999,0.034516281645970065,0.026910257747295798,0.034516281645970065,0.583333256863287,0.0,0.0
smooth,sl,32,8,True,smooth-r32-sl-i8-rep1,18,1.3113347652075975,3.9194872975349426,2.02207721443501,0.8976465448819264,78.68008640425535,1.4608587097906611,0.028690228188232223,1.5038286933007463e-27,0.9724234938621521,0.0,3.04998149058016e-07,3.811607721282236e-08,0.021536,0.00224,0.023871999999999997,0.023696,0.024056,0.031105354474420685,0.02425872354291568,0.031105354474420685,0.5222718914184548,0.0,0.0
smooth,sl,32,32,True,smooth-r32-sl-i32-rep1,18,0.9443350003472176,2.6958251762608825,1.4840818295330442,0.6464246138009334,56.66010163764948,1.4608587097906611,0.020616024141910202,1.3724608192010985e-27,0.9719470739364624,0.0,2.9910974992988603e-07,2.7222717199218395e-08,0.070912,0.002144,0.073072,0.072936,0.07317599999999999,0.022715126377127557,0.01777372370694855,0.022715126377127557,0.37547583099685317,0.0,0.0
smooth,sl,32,128,True,smooth-r32-sl-i128-rep1,18,0.2534607539587668,0.7800051180740866,0.4282213357895252,0.1735012533262491,15.207649024874815,1.4608587097906611,0.0049159024392089285,1.2410929451014507e-27,0.9704033732414246,0.0,3.2094875824712257e-07,4.055086701350569e-09,0.267328,0.002144,0.26950399999999997,0.26888,0.26971999999999996,0.006420461703992339,0.0051107412473634815,0.006420461703992339,0.10072762631335233,0.0,0.0
smooth,sl,32,512,True,smooth-r32-sl-i512-rep1,18,0.0014952825884897466,0.006455289500991057,0.0037230104680356845,0.0010236103725271858,0.08972100768830417,1.4608587097906611,-0.0012285212254919337,1.2410929451014507e-27,0.9699345827102661,0.0,3.2935525253175475e-07,3.3825952103535753e-09,1.053856,0.00232,1.056128,1.0559759999999998,1.0562639999999999,2.5207908891098686e-05,0.00018807737273205557,2.5207908891098686e-05,0.0006244220412111306,0.0,0.0
smooth,sl,32,2048,True,smooth-r32-sl-i2048-rep1,18,5.144207057605345e-06,3.8504600524902344e-05,5.992753349330303e-06,3.487838183929009e-06,0.0003057143273599881,1.4608587097906611,-0.0012536964390382184,1.2410929451014507e-27,0.9699345827102661,0.0,3.3254748075040016e-07,3.253646818883928e-09,4.197392,0.002304,4.1997279999999995,4.199432000000001,4.200063999999999,0.0,0.0,0.0,1.54322178652503e-06,0.0,0.0
smooth,sl,32,4096,True,smooth-r32-sl-i4096-rep1,18,5.144207057605345e-06,3.8504600524902344e-05,5.992753349330303e-06,3.487838183929009e-06,0.0003057143273599881,1.4608587097906611,-0.0012536964390382184,1.2410929451014507e-27,0.9699345827102661,0.0,3.3254748075040016e-07,3.253646818883928e-09,8.389551999999998,0.00232,8.391839999999998,8.391664,8.392119999999998,0.0,0.0,0.0,1.54322178652503e-06,0.0,0.0
smooth,sl,32,8192,True,smooth-r32-sl-i8192-rep1,18,5.144207057605345e-06,3.8504600524902344e-05,5.992753349330303e-06,3.487838183929009e-06,0.0003057143273599881,1.4608587097906611,-0.0012536964390382184,1.2410929451014507e-27,0.9699345827102661,0.0,3.3254748075040016e-07,3.253646818883928e-09,16.77384,0.002336,16.776256,16.77592,16.776584,0.0,0.0,0.0,1.54322178652503e-06,0.0,0.0
smooth,sl,32,-1,True,smooth-r32-sl-i-1-rep2,18,4.624705805853064e-08,4.76837158203125e-07,2.7109008491033644e-09,1.0,2.780524336835309e-06,4.634207228058848e-08,-0.0012536964390382184,1.2410929451014507e-27,0.9699345827102661,0.0,1.1807693386858325e-09,1.1807693386858325e-09,0.003232,0.002224,0.0054719999999999994,0.00544,0.005535999999999999,0.0,0.0,0.0,0.0,0.0,0.0
smooth,sl,32,0,True,smooth-r32-sl-i0-rep2,18,1.4608587090201646,4.072528004646301,2.241727623529235,1.0,87.65152258743967,1.4608587097906611,0.031976599239154496,1.635196567400394e-27,0.972781777381897,0.0,3.736468130468113e-08,3.736468130468113e-08,0.005408,0.002208,0.007647999999999999,0.007392,0.007744,0.034516281645970065,0.026910257747295798,0.034516281645970065,0.583333256863287,0.0,0.0
smooth,sl,32,8,True,smooth-r32-sl-i8-rep2,18,1.3113347652075975,3.9194872975349426,2.02207721443501,0.8976465448819264,78.68008640425535,1.4608587097906611,0.028690228188232223,1.5038286933007463e-27,0.9724234938621521,0.0,3.04998149058016e-07,3.811607721282236e-08,0.021488,0.0022559999999999998,0.023823999999999998,0.023663999999999998,0.023959999999999995,0.031105354474420685,0.02425872354291568,0.031105354474420685,0.5222718914184548,0.0,0.0
smooth,sl,32,32,True,smooth-r32-sl-i32-rep2,18,0.9443350003472176,2.6958251762608825,1.4840818295330442,0.6464246138009334,56.66010163764948,1.4608587097906611,0.020616024141910202,1.3724608192010985e-27,0.9719470739364624,0.0,2.9910974992988603e-07,2.7222717199218395e-08,0.07083199999999999,0.002144,0.07305600000000001,0.072904,0.073224,0.022715126377127557,0.01777372370694855,0.022715126377127557,0.37547583099685317,0.0,0.0
smooth,sl,32,128,True,smooth-r32-sl-i128-rep2,18,0.2534607539587668,0.7800051180740866,0.4282213357895252,0.1735012533262491,15.207649024874815,1.4608587097906611,0.0049159024392089285,1.2410929451014507e-27,0.9704033732414246,0.0,3.2094875824712257e-07,4.055086701350569e-09,0.267232,0.002176,0.269408,0.26892,0.26965599999999995,0.006420461703992339,0.0051107412473634815,0.006420461703992339,0.10072762631335233,0.0,0.0
smooth,sl,32,512,True,smooth-r32-sl-i512-rep2,18,0.0014952825884897466,0.006455289500991057,0.0037230104680356845,0.0010236103725271858,0.08972100768830417,1.4608587097906611,-0.0012285212254919337,1.2410929451014507e-27,0.9699345827102661,0.0,3.2935525253175475e-07,3.3825952103535753e-09,1.053792,0.00216,1.055936,1.0553919999999999,1.0562319999999998,2.5207908891098686e-05,0.00018807737273205557,2.5207908891098686e-05,0.0006244220412111306,0.0,0.0
smooth,sl,32,2048,True,smooth-r32-sl-i2048-rep2,18,5.144207057605345e-06,3.8504600524902344e-05,5.992753349330303e-06,3.487838183929009e-06,0.0003057143273599881,1.4608587097906611,-0.0012536964390382184,1.2410929451014507e-27,0.9699345827102661,0.0,3.3254748075040016e-07,3.253646818883928e-09,4.197552,0.00232,4.1998560000000005,4.199504000000001,4.200176,0.0,0.0,0.0,1.54322178652503e-06,0.0,0.0
smooth,sl,32,4096,True,smooth-r32-sl-i4096-rep2,18,5.144207057605345e-06,3.8504600524902344e-05,5.992753349330303e-06,3.487838183929009e-06,0.0003057143273599881,1.4608587097906611,-0.0012536964390382184,1.2410929451014507e-27,0.9699345827102661,0.0,3.3254748075040016e-07,3.253646818883928e-09,8.389408,0.002336,8.391728,8.391416,8.39236,0.0,0.0,0.0,1.54322178652503e-06,0.0,0.0
smooth,sl,32,8192,True,smooth-r32-sl-i8192-rep2,18,5.144207057605345e-06,3.8504600524902344e-05,5.992753349330303e-06,3.487838183929009e-06,0.0003057143273599881,1.4608587097906611,-0.0012536964390382184,1.2410929451014507e-27,0.9699345827102661,0.0,3.3254748075040016e-07,3.253646818883928e-09,16.774048,0.002336,16.776351999999996,16.776255999999997,16.777079999999998,0.0,0.0,0.0,1.54322178652503e-06,0.0,0.0
smooth,sl,32,-1,True,smooth-r32-sl-i-1-rep3,18,4.624705805853064e-08,4.76837158203125e-07,2.7109008491033644e-09,1.0,2.780524336835309e-06,4.634207228058848e-08,-0.0012536964390382184,1.2410929451014507e-27,0.9699345827102661,0.0,1.1807693386858325e-09,1.1807693386858325e-09,0.003232,0.00224,0.005488,0.005416,0.005632,0.0,0.0,0.0,0.0,0.0,0.0
smooth,sl,32,0,True,smooth-r32-sl-i0-rep3,18,1.4608587090201646,4.072528004646301,2.241727623529235,1.0,87.65152258743967,1.4608587097906611,0.031976599239154496,1.635196567400394e-27,0.972781777381897,0.0,3.736468130468113e-08,3.736468130468113e-08,0.005248,0.002208,0.00744,0.00736,0.007607999999999999,0.034516281645970065,0.026910257747295798,0.034516281645970065,0.583333256863287,0.0,0.0
smooth,sl,32,8,True,smooth-r32-sl-i8-rep3,18,1.3113347652075975,3.9194872975349426,2.02207721443501,0.8976465448819264,78.68008640425535,1.4608587097906611,0.028690228188232223,1.5038286933007463e-27,0.9724234938621521,0.0,3.04998149058016e-07,3.811607721282236e-08,0.02144,0.0022559999999999998,0.023696,0.023648,0.023976,0.031105354474420685,0.02425872354291568,0.031105354474420685,0.5222718914184548,0.0,0.0
smooth,sl,32,32,True,smooth-r32-sl-i32-rep3,18,0.9443350003472176,2.6958251762608825,1.4840818295330442,0.6464246138009334,56.66010163764948,1.4608587097906611,0.020616024141910202,1.3724608192010985e-27,0.9719470739364624,0.0,2.9910974992988603e-07,2.7222717199218395e-08,0.070944,0.002144,0.073104,0.073056,0.073216,0.022715126377127557,0.01777372370694855,0.022715126377127557,0.37547583099685317,0.0,0.0
smooth,sl,32,128,True,smooth-r32-sl-i128-rep3,18,0.2534607539587668,0.7800051180740866,0.4282213357895252,0.1735012533262491,15.207649024874815,1.4608587097906611,0.0049159024392089285,1.2410929451014507e-27,0.9704033732414246,0.0,3.2094875824712257e-07,4.055086701350569e-09,0.267072,0.002176,0.26927999999999996,0.268744,0.269656,0.006420461703992339,0.0051107412473634815,0.006420461703992339,0.10072762631335233,0.0,0.0
smooth,sl,32,512,True,smooth-r32-sl-i512-rep3,18,0.0014952825884897466,0.006455289500991057,0.0037230104680356845,0.0010236103725271858,0.08972100768830417,1.4608587097906611,-0.0012285212254919337,1.2410929451014507e-27,0.9699345827102661,0.0,3.2935525253175475e-07,3.3825952103535753e-09,1.053808,0.002304,1.0559839999999998,1.055744,1.056328,2.5207908891098686e-05,0.00018807737273205557,2.5207908891098686e-05,0.0006244220412111306,0.0,0.0
smooth,sl,32,2048,True,smooth-r32-sl-i2048-rep3,18,5.144207057605345e-06,3.8504600524902344e-05,5.992753349330303e-06,3.487838183929009e-06,0.0003057143273599881,1.4608587097906611,-0.0012536964390382184,1.2410929451014507e-27,0.9699345827102661,0.0,3.3254748075040016e-07,3.253646818883928e-09,4.197312,0.002304,4.19952,4.199152,4.199896,0.0,0.0,0.0,1.54322178652503e-06,0.0,0.0
smooth,sl,32,4096,True,smooth-r32-sl-i4096-rep3,18,5.144207057605345e-06,3.8504600524902344e-05,5.992753349330303e-06,3.487838183929009e-06,0.0003057143273599881,1.4608587097906611,-0.0012536964390382184,1.2410929451014507e-27,0.9699345827102661,0.0,3.3254748075040016e-07,3.253646818883928e-09,8.389616,0.002336,8.391967999999999,8.391464,8.392272,0.0,0.0,0.0,1.54322178652503e-06,0.0,0.0
smooth,sl,32,8192,True,smooth-r32-sl-i8192-rep3,18,5.144207057605345e-06,3.8504600524902344e-05,5.992753349330303e-06,3.487838183929009e-06,0.0003057143273599881,1.4608587097906611,-0.0012536964390382184,1.2410929451014507e-27,0.9699345827102661,0.0,3.3254748075040016e-07,3.253646818883928e-09,16.77384,0.002304,16.776176,16.775831999999998,16.7766,0.0,0.0,0.0,1.54322178652503e-06,0.0,0.0
smooth,maccormack,32,-1,True,smooth-r32-maccormack-i-1-rep1,18,4.624705805853064e-08,4.76837158203125e-07,2.7109008491033644e-09,1.0,2.780524336835309e-06,4.634207228058848e-08,-4.2097440715110565e-05,1.2410929451014507e-27,0.9787381291389465,0.0,1.1807693386858325e-09,1.1807693386858325e-09,0.003264,0.0059039999999999995,0.009184,0.009087999999999999,0.00924,0.0,0.0,0.0,0.0,0.0,0.0
smooth,maccormack,32,0,True,smooth-r32-maccormack-i0-rep1,18,1.4608587090201646,4.072528004646301,2.241727623529235,1.0,87.65152258743967,1.4608587097906611,0.03118313735111474,1.4381447562509224e-27,0.9787381291389465,0.0,3.736468130468113e-08,3.736468130468113e-08,0.005264,0.005888,0.011184,0.011104,0.011352,0.03217476304736487,0.02550327692944124,0.03217476304736487,0.583333256863287,0.0,0.0
smooth,maccormack,32,8,True,smooth-r32-maccormack-i8-rep1,18,1.3113347652075975,3.9194872975349426,2.02207721443501,0.8976465448819264,78.68008640425535,1.4608587097906611,0.028070509973562165,1.3724608192010985e-27,0.9787381291389465,0.0,3.04998149058016e-07,3.811607721282236e-08,0.021456,0.006128,0.027568,0.02752,0.027735999999999997,0.02896938176220029,0.022956158234537234,0.02896938176220029,0.5222718914184548,0.0,0.0
smooth,maccormack,32,32,True,smooth-r32-maccormack-i32-rep1,18,0.9443350003472176,2.6958251762608825,1.4840818295330442,0.6464246138009334,56.66010163764948,1.4608587097906611,0.020545766082237276,1.3067768821512746e-27,0.9787381291389465,0.0,2.9910974992988603e-07,2.7222717199218395e-08,0.071024,0.005791999999999999,0.076832,0.07664,0.07691999999999999,0.021214620025214164,0.016851926582828452,0.021214620025214164,0.37547583099685317,0.0,0.0
smooth,maccormack,32,128,True,smooth-r32-maccormack-i128-rep1,18,0.2534607539587668,0.7800051180740866,0.4282213357895252,0.1735012533262491,15.207649024874815,1.4608587097906611,0.005802041368985552,1.2410929451014507e-27,0.9787381291389465,0.0,3.2094875824712257e-07,4.055086701350569e-09,0.267472,0.006255999999999999,0.27384,0.27360799999999996,0.274088,0.006021245742335341,0.004851969965354494,0.006021245742335341,0.10072762631335233,0.0,0.0
smooth,maccormack,32,512,True,smooth-r32-maccormack-i512-rep1,18,0.0014952825884897466,0.006455289500991057,0.0037230104680356845,0.0010236103725271858,0.08972100768830417,1.4608587097906611,5.015558482136485e-06,1.2410929451014507e-27,0.9787381291389465,0.0,3.2935525253175475e-07,3.3825952103535753e-09,1.05392,0.00592,1.059888,1.059496,1.060096,5.300669784910436e-05,0.0003452517622677668,5.300669784910436e-05,0.0006244220412111306,0.0,0.0
smooth,maccormack,32,2048,True,smooth-r32-maccormack-i2048-rep1,18,5.144207057605345e-06,3.8504600524902344e-05,5.992753349330303e-06,3.487838183929009e-06,0.0003057143273599881,1.4608587097906611,-4.2097440715110565e-05,1.2410929451014507e-27,0.9787381291389465,0.0,3.3254748075040016e-07,3.253646818883928e-09,4.197616,0.006224,4.20384,4.2035279999999995,4.204447999999999,0.0,0.0,0.0,1.54322178652503e-06,0.0,0.0
smooth,maccormack,32,4096,True,smooth-r32-maccormack-i4096-rep1,18,5.144207057605345e-06,3.8504600524902344e-05,5.992753349330303e-06,3.487838183929009e-06,0.0003057143273599881,1.4608587097906611,-4.2097440715110565e-05,1.2410929451014507e-27,0.9787381291389465,0.0,3.3254748075040016e-07,3.253646818883928e-09,8.38944,0.006128,8.395568,8.395328,8.395712,0.0,0.0,0.0,1.54322178652503e-06,0.0,0.0
smooth,maccormack,32,8192,True,smooth-r32-maccormack-i8192-rep1,18,5.144207057605345e-06,3.8504600524902344e-05,5.992753349330303e-06,3.487838183929009e-06,0.0003057143273599881,1.4608587097906611,-4.2097440715110565e-05,1.2410929451014507e-27,0.9787381291389465,0.0,3.3254748075040016e-07,3.253646818883928e-09,16.774112,0.005952,16.780096,16.77988,16.780344,0.0,0.0,0.0,1.54322178652503e-06,0.0,0.0
smooth,maccormack,32,-1,True,smooth-r32-maccormack-i-1-rep2,18,4.624705805853064e-08,4.76837158203125e-07,2.7109008491033644e-09,1.0,2.780524336835309e-06,4.634207228058848e-08,-4.2097440715110565e-05,1.2410929451014507e-27,0.9787381291389465,0.0,1.1807693386858325e-09,1.1807693386858325e-09,0.003248,0.005888,0.00912,0.009064,0.0092,0.0,0.0,0.0,0.0,0.0,0.0
smooth,maccormack,32,0,True,smooth-r32-maccormack-i0-rep2,18,1.4608587090201646,4.072528004646301,2.241727623529235,1.0,87.65152258743967,1.4608587097906611,0.03118313735111474,1.4381447562509224e-27,0.9787381291389465,0.0,3.736468130468113e-08,3.736468130468113e-08,0.005216,0.005888,0.011104,0.011071999999999999,0.0114,0.03217476304736487,0.02550327692944124,0.03217476304736487,0.583333256863287,0.0,0.0
smooth,maccormack,32,8,True,smooth-r32-maccormack-i8-rep2,18,1.3113347652075975,3.9194872975349426,2.02207721443501,0.8976465448819264,78.68008640425535,1.4608587097906611,0.028070509973562165,1.3724608192010985e-27,0.9787381291389465,0.0,3.04998149058016e-07,3.811607721282236e-08,0.021488,0.006095999999999999,0.027552,0.027488,0.027808,0.02896938176220029,0.022956158234537234,0.02896938176220029,0.5222718914184548,0.0,0.0
smooth,maccormack,32,32,True,smooth-r32-maccormack-i32-rep2,18,0.9443350003472176,2.6958251762608825,1.4840818295330442,0.6464246138009334,56.66010163764948,1.4608587097906611,0.020545766082237276,1.3067768821512746e-27,0.9787381291389465,0.0,2.9910974992988603e-07,2.7222717199218395e-08,0.070976,0.005823999999999999,0.07678399999999999,0.07672,0.077,0.021214620025214164,0.016851926582828452,0.021214620025214164,0.37547583099685317,0.0,0.0
smooth,maccormack,32,128,True,smooth-r32-maccormack-i128-rep2,18,0.2534607539587668,0.7800051180740866,0.4282213357895252,0.1735012533262491,15.207649024874815,1.4608587097906611,0.005802041368985552,1.2410929451014507e-27,0.9787381291389465,0.0,3.2094875824712257e-07,4.055086701350569e-09,0.267296,0.006176,0.27343999999999996,0.272976,0.273728,0.006021245742335341,0.004851969965354494,0.006021245742335341,0.10072762631335233,0.0,0.0
smooth,maccormack,32,512,True,smooth-r32-maccormack-i512-rep2,18,0.0014952825884897466,0.006455289500991057,0.0037230104680356845,0.0010236103725271858,0.08972100768830417,1.4608587097906611,5.015558482136485e-06,1.2410929451014507e-27,0.9787381291389465,0.0,3.2935525253175475e-07,3.3825952103535753e-09,1.053888,0.00592,1.05984,1.05964,1.0600159999999998,5.300669784910436e-05,0.0003452517622677668,5.300669784910436e-05,0.0006244220412111306,0.0,0.0
smooth,maccormack,32,2048,True,smooth-r32-maccormack-i2048-rep2,18,5.144207057605345e-06,3.8504600524902344e-05,5.992753349330303e-06,3.487838183929009e-06,0.0003057143273599881,1.4608587097906611,-4.2097440715110565e-05,1.2410929451014507e-27,0.9787381291389465,0.0,3.3254748075040016e-07,3.253646818883928e-09,4.197552,0.006144,4.203679999999999,4.203496,4.203951999999999,0.0,0.0,0.0,1.54322178652503e-06,0.0,0.0
smooth,maccormack,32,4096,True,smooth-r32-maccormack-i4096-rep2,18,5.144207057605345e-06,3.8504600524902344e-05,5.992753349330303e-06,3.487838183929009e-06,0.0003057143273599881,1.4608587097906611,-4.2097440715110565e-05,1.2410929451014507e-27,0.9787381291389465,0.0,3.3254748075040016e-07,3.253646818883928e-09,8.389392,0.006144,8.395568,8.395296,8.395944,0.0,0.0,0.0,1.54322178652503e-06,0.0,0.0
smooth,maccormack,32,8192,True,smooth-r32-maccormack-i8192-rep2,18,5.144207057605345e-06,3.8504600524902344e-05,5.992753349330303e-06,3.487838183929009e-06,0.0003057143273599881,1.4608587097906611,-4.2097440715110565e-05,1.2410929451014507e-27,0.9787381291389465,0.0,3.3254748075040016e-07,3.253646818883928e-09,16.774192,0.006016,16.780127999999998,16.779912,16.780759999999997,0.0,0.0,0.0,1.54322178652503e-06,0.0,0.0
smooth,maccormack,32,-1,True,smooth-r32-maccormack-i-1-rep3,18,4.624705805853064e-08,4.76837158203125e-07,2.7109008491033644e-09,1.0,2.780524336835309e-06,4.634207228058848e-08,-4.2097440715110565e-05,1.2410929451014507e-27,0.9787381291389465,0.0,1.1807693386858325e-09,1.1807693386858325e-09,0.003296,0.0059039999999999995,0.009248,0.00912,0.00928,0.0,0.0,0.0,0.0,0.0,0.0
smooth,maccormack,32,0,True,smooth-r32-maccormack-i0-rep3,18,1.4608587090201646,4.072528004646301,2.241727623529235,1.0,87.65152258743967,1.4608587097906611,0.03118313735111474,1.4381447562509224e-27,0.9787381291389465,0.0,3.736468130468113e-08,3.736468130468113e-08,0.005248,0.00592,0.011184,0.011104,0.011344,0.03217476304736487,0.02550327692944124,0.03217476304736487,0.583333256863287,0.0,0.0
smooth,maccormack,32,8,True,smooth-r32-maccormack-i8-rep3,18,1.3113347652075975,3.9194872975349426,2.02207721443501,0.8976465448819264,78.68008640425535,1.4608587097906611,0.028070509973562165,1.3724608192010985e-27,0.9787381291389465,0.0,3.04998149058016e-07,3.811607721282236e-08,0.021504,0.006128,0.027663999999999998,0.027551999999999997,0.027767999999999998,0.02896938176220029,0.022956158234537234,0.02896938176220029,0.5222718914184548,0.0,0.0
smooth,maccormack,32,32,True,smooth-r32-maccormack-i32-rep3,18,0.9443350003472176,2.6958251762608825,1.4840818295330442,0.6464246138009334,56.66010163764948,1.4608587097906611,0.020545766082237276,1.3067768821512746e-27,0.9787381291389465,0.0,2.9910974992988603e-07,2.7222717199218395e-08,0.07083199999999999,0.005791999999999999,0.076592,0.076512,0.076952,0.021214620025214164,0.016851926582828452,0.021214620025214164,0.37547583099685317,0.0,0.0
smooth,maccormack,32,128,True,smooth-r32-maccormack-i128-rep3,18,0.2534607539587668,0.7800051180740866,0.4282213357895252,0.1735012533262491,15.207649024874815,1.4608587097906611,0.005802041368985552,1.2410929451014507e-27,0.9787381291389465,0.0,3.2094875824712257e-07,4.055086701350569e-09,0.267424,0.006192,0.27361599999999997,0.273512,0.273736,0.006021245742335341,0.004851969965354494,0.006021245742335341,0.10072762631335233,0.0,0.0
smooth,maccormack,32,512,True,smooth-r32-maccormack-i512-rep3,18,0.0014952825884897466,0.006455289500991057,0.0037230104680356845,0.0010236103725271858,0.08972100768830417,1.4608587097906611,5.015558482136485e-06,1.2410929451014507e-27,0.9787381291389465,0.0,3.2935525253175475e-07,3.3825952103535753e-09,1.0539839999999998,0.005952,1.059968,1.059024,1.0602479999999999,5.300669784910436e-05,0.0003452517622677668,5.300669784910436e-05,0.0006244220412111306,0.0,0.0
smooth,maccormack,32,2048,True,smooth-r32-maccormack-i2048-rep3,18,5.144207057605345e-06,3.8504600524902344e-05,5.992753349330303e-06,3.487838183929009e-06,0.0003057143273599881,1.4608587097906611,-4.2097440715110565e-05,1.2410929451014507e-27,0.9787381291389465,0.0,3.3254748075040016e-07,3.253646818883928e-09,4.19712,0.006192,4.2033760000000004,4.203104,4.203832,0.0,0.0,0.0,1.54322178652503e-06,0.0,0.0
smooth,maccormack,32,4096,True,smooth-r32-maccormack-i4096-rep3,18,5.144207057605345e-06,3.8504600524902344e-05,5.992753349330303e-06,3.487838183929009e-06,0.0003057143273599881,1.4608587097906611,-4.2097440715110565e-05,1.2410929451014507e-27,0.9787381291389465,0.0,3.3254748075040016e-07,3.253646818883928e-09,8.389264,0.006111999999999999,8.395408,8.395271999999999,8.395664,0.0,0.0,0.0,1.54322178652503e-06,0.0,0.0
smooth,maccormack,32,8192,True,smooth-r32-maccormack-i8192-rep3,18,5.144207057605345e-06,3.8504600524902344e-05,5.992753349330303e-06,3.487838183929009e-06,0.0003057143273599881,1.4608587097906611,-4.2097440715110565e-05,1.2410929451014507e-27,0.9787381291389465,0.0,3.3254748075040016e-07,3.253646818883928e-09,16.773919999999997,0.006016,16.779952,16.779744,16.780279999999998,0.0,0.0,0.0,1.54322178652503e-06,0.0,0.0
smooth,sl,64,-1,True,smooth-r64-sl-i-1-rep1,18,2.701503391972288e-08,4.76837158203125e-07,4.142608786014412e-10,1.0,1.6208625284952375e-06,2.7014375474920627e-08,-0.0004868965518023679,2.095896873098055e-28,0.9874136447906494,0.0,9.203439287865708e-11,9.203439287865708e-11,0.009056,0.00448,0.013472,0.012936,0.014143999999999997,1.6745436589060006e-11,2.84179905156172e-10,0.0,0.0,4.367404839648039e-12,1.6745436589088728e-11
smooth,sl,64,0,True,smooth-r64-sl-i0-rep1,18,1.4643845310602361,4.126967248975234,2.247137995881017,1.0,87.86307188447886,1.4643845314079809,0.03202126140660014,2.2625023318321896e-28,0.986986517906189,0.0,2.955132765361163e-08,2.955132765361163e-08,0.012575999999999999,0.004208,0.016848,0.01612,0.017336,0.0336056983864169,0.02677855919723844,0.03360569840307913,0.5833333360306485,4.367404839648039e-12,1.6745436589088728e-11
smooth,sl,64,8,True,smooth-r64-sl-i8-rep1,18,1.4275786155315433,4.692812025547028,2.1900754378266014,0.974865950066608,85.65471704843316,1.4643845314079809,0.03116959582501212,2.2069671789208114e-28,0.98686283826828,0.0,6.202379021623753e-07,3.1614526922190204e-08,0.043104,0.005039999999999999,0.047839999999999994,0.04668799999999999,0.04844,0.032727625715910376,0.026086391464878823,0.032727625732508654,0.568001387098183,4.367404839648039e-12,1.6745436589088728e-11
smooth,sl,64,32,True,smooth-r64-sl-i32-rep1,18,1.3192048991758094,4.0702086091041565,2.0274406526148723,0.9008596298742106,79.15229441746278,1.4643845314079809,0.028812377792802366,2.191816369530803e-28,0.9865560531616211,0.0,6.083349399449499e-07,2.9219540501270676e-08,0.132128,0.00432,0.13651199999999997,0.135776,0.13672,0.03028503031391662,0.024150341462133483,0.030285030330510703,0.5244731131780096,4.367404839648039e-12,1.6745436589088728e-11
smooth,sl,64,128,True,smooth-r64-sl-i128-rep1,18,0.9596749443191811,2.74480402469635,1.489064959141499,0.6553435590947314,57.5804982417706,1.4643845314079809,0.020960482275429994,2.1514320260094333e-28,0.9864892363548279,0.0,5.958471711048628e-07,2.2132989098666034e-08,0.48695999999999995,0.004864,0.49172799999999994,0.49112,0.492816,0.022162657815759042,0.017713605323584333,0.0221626578323392,0.38137249708659665,4.367404839648039e-12,1.6745436589088728e-11
smooth,sl,64,512,True,smooth-r64-sl-i512-rep1,18,0.26860399520565703,0.7946551736786205,0.4321114933266713,0.18342453892875424,16.116243449274524,1.4643845314079809,0.0056881647759040015,2.095896873098055e-28,0.987127959728241,0.0,6.236877404297073e-07,2.183569358995838e-09,1.909376,0.00416,1.9135039999999999,1.9125679999999998,1.914456,0.006392592225781152,0.005139531501231168,0.006392592242334268,0.10672728448528628,4.367404839648039e-12,1.6745436589088728e-11
smooth,sl,64,2048,True,smooth-r64-sl-i2048-rep1,18,0.0016882350100653806,0.006188573778672435,0.0034335883123599547,0.001152913859803971,0.10129855334056828,1.4643845314079809,-0.0004546000847998275,2.095896873098055e-28,0.9874136447906494,0.0,6.460244747328297e-07,9.19721644495631e-10,7.61448,0.005008,7.61912,7.616344,7.6209359999999995,3.973482586848626e-05,0.00013669028220643492,3.973482373993006e-05,0.0006791776488666966,4.367404839648039e-12,1.6745436589088728e-11
smooth,sl,64,4096,True,smooth-r64-sl-i4096-rep1,18,1.8471300083449917e-05,0.0001697540283203125,2.6274691521334796e-05,1.2601457812023634e-05,0.0011072027935870603,1.4643845314079809,-0.0004868965513150702,2.095896873098055e-28,0.9874136447906494,0.0,6.482552722979825e-07,9.600956424218385e-10,15.208879999999999,0.004416,15.213232,15.210151999999999,15.216424,4.367404839648039e-12,2.6471151876819614e-10,1.836078916641913e-11,3.894270941044546e-06,4.367404839648039e-12,1.6745436589088728e-11
smooth,sl,64,8192,True,smooth-r64-sl-i8192-rep1,18,1.8374116719129466e-05,0.00015425682067871094,2.3797923066993304e-05,1.2532736725309452e-05,0.0011011647478051125,1.4643845314079809,-0.00048689655008794797,2.095896873098055e-28,0.9874136447906494,0.0,6.489672819536173e-07,9.439976935124966e-10,30.390048,0.004352,30.394384,30.390808,30.4022,0.0,0.0,1.6745436589088728e-11,3.567888542109355e-06,4.367404839648039e-12,1.6745436589088728e-11
smooth,sl,64,-1,True,smooth-r64-sl-i-1-rep2,18,2.701503391972288e-08,4.76837158203125e-07,4.142608786014412e-10,1.0,1.6208625284952375e-06,2.7014375474920627e-08,-0.0004868965518023679,2.095896873098055e-28,0.9874136447906494,0.0,9.203439287865708e-11,9.203439287865708e-11,0.009007999999999999,0.004416,0.01352,0.013104,0.013687999999999999,1.6745436589060006e-11,2.84179905156172e-10,0.0,0.0,4.367404839648039e-12,1.6745436589088728e-11
smooth,sl,64,0,True,smooth-r64-sl-i0-rep2,18,1.4643845310602361,4.126967248975234,2.247137995881017,1.0,87.86307188447886,1.4643845314079809,0.03202126140660014,2.2625023318321896e-28,0.986986517906189,0.0,2.955132765361163e-08,2.955132765361163e-08,0.012799999999999999,0.0043040000000000005,0.017119999999999996,0.016647999999999996,0.017599999999999998,0.0336056983864169,0.02677855919723844,0.03360569840307913,0.5833333360306485,4.367404839648039e-12,1.6745436589088728e-11
smooth,sl,64,8,True,smooth-r64-sl-i8-rep2,18,1.4275786155315433,4.692812025547028,2.1900754378266014,0.974865950066608,85.65471704843316,1.4643845314079809,0.03116959582501212,2.2069671789208114e-28,0.98686283826828,0.0,6.202379021623753e-07,3.1614526922190204e-08,0.04152,0.005056,0.046464,0.04568,0.047528,0.032727625715910376,0.026086391464878823,0.032727625732508654,0.568001387098183,4.367404839648039e-12,1.6745436589088728e-11
smooth,sl,64,32,True,smooth-r64-sl-i32-rep2,18,1.3192048991758094,4.0702086091041565,2.0274406526148723,0.9008596298742106,79.15229441746278,1.4643845314079809,0.028812377792802366,2.191816369530803e-28,0.9865560531616211,0.0,6.083349399449499e-07,2.9219540501270676e-08,0.132272,0.00432,0.136672,0.135944,0.137504,0.03028503031391662,0.024150341462133483,0.030285030330510703,0.5244731131780096,4.367404839648039e-12,1.6745436589088728e-11
smooth,sl,64,128,True,smooth-r64-sl-i128-rep2,18,0.9596749443191811,2.74480402469635,1.489064959141499,0.6553435590947314,57.5804982417706,1.4643845314079809,0.020960482275429994,2.1514320260094333e-28,0.9864892363548279,0.0,5.958471711048628e-07,2.2132989098666034e-08,0.488448,0.0048,0.49315200000000003,0.49163199999999996,0.493992,0.022162657815759042,0.017713605323584333,0.0221626578323392,0.38137249708659665,4.367404839648039e-12,1.6745436589088728e-11
smooth,sl,64,512,True,smooth-r64-sl-i512-rep2,18,0.26860399520565703,0.7946551736786205,0.4321114933266713,0.18342453892875424,16.116243449274524,1.4643845314079809,0.0056881647759040015,2.095896873098055e-28,0.987127959728241,0.0,6.236877404297073e-07,2.183569358995838e-09,1.9075199999999999,0.0042239999999999995,1.9116959999999998,1.9112719999999999,1.913152,0.006392592225781152,0.005139531501231168,0.006392592242334268,0.10672728448528628,4.367404839648039e-12,1.6745436589088728e-11
smooth,sl,64,2048,True,smooth-r64-sl-i2048-rep2,18,0.0016882350100653806,0.006188573778672435,0.0034335883123599547,0.001152913859803971,0.10129855334056828,1.4643845314079809,-0.0004546000847998275,2.095896873098055e-28,0.9874136447906494,0.0,6.460244747328297e-07,9.19721644495631e-10,7.609535999999999,0.005039999999999999,7.614576,7.612463999999999,7.61632,3.973482586848626e-05,0.00013669028220643492,3.973482373993006e-05,0.0006791776488666966,4.367404839648039e-12,1.6745436589088728e-11
smooth,sl,64,4096,True,smooth-r64-sl-i4096-rep2,18,1.8471300083449917e-05,0.0001697540283203125,2.6274691521334796e-05,1.2601457812023634e-05,0.0011072027935870603,1.4643845314079809,-0.0004868965513150702,2.095896873098055e-28,0.9874136447906494,0.0,6.482552722979825e-07,9.600956424218385e-10,15.208096,0.0043040000000000005,15.212399999999999,15.210272,15.214392,4.367404839648039e-12,2.6471151876819614e-10,1.836078916641913e-11,3.894270941044546e-06,4.367404839648039e-12,1.6745436589088728e-11
smooth,sl,64,8192,True,smooth-r64-sl-i8192-rep2,18,1.8374116719129466e-05,0.00015425682067871094,2.3797923066993304e-05,1.2532736725309452e-05,0.0011011647478051125,1.4643845314079809,-0.00048689655008794797,2.095896873098055e-28,0.9874136447906494,0.0,6.489672819536173e-07,9.439976935124966e-10,30.397903999999997,0.004352,30.402208,30.398808,30.404415999999998,0.0,0.0,1.6745436589088728e-11,3.567888542109355e-06,4.367404839648039e-12,1.6745436589088728e-11
smooth,sl,64,-1,True,smooth-r64-sl-i-1-rep3,18,2.701503391972288e-08,4.76837158203125e-07,4.142608786014412e-10,1.0,1.6208625284952375e-06,2.7014375474920627e-08,-0.0004868965518023679,2.095896873098055e-28,0.9874136447906494,0.0,9.203439287865708e-11,9.203439287865708e-11,0.008976,0.004543999999999999,0.013663999999999999,0.013072,0.014016,1.6745436589060006e-11,2.84179905156172e-10,0.0,0.0,4.367404839648039e-12,1.6745436589088728e-11
smooth,sl,64,0,True,smooth-r64-sl-i0-rep3,18,1.4643845310602361,4.126967248975234,2.247137995881017,1.0,87.86307188447886,1.4643845314079809,0.03202126140660014,2.2625023318321896e-28,0.986986517906189,0.0,2.955132765361163e-08,2.955132765361163e-08,0.012176,0.004175999999999999,0.016368,0.015919999999999997,0.017248,0.0336056983864169,0.02677855919723844,0.03360569840307913,0.5833333360306485,4.367404839648039e-12,1.6745436589088728e-11
smooth,sl,64,8,True,smooth-r64-sl-i8-rep3,18,1.4275786155315433,4.692812025547028,2.1900754378266014,0.974865950066608,85.65471704843316,1.4643845314079809,0.03116959582501212,2.2069671789208114e-28,0.98686283826828,0.0,6.202379021623753e-07,3.1614526922190204e-08,0.041471999999999995,0.005056,0.04615999999999999,0.045928,0.047647999999999996,0.032727625715910376,0.026086391464878823,0.032727625732508654,0.568001387098183,4.367404839648039e-12,1.6745436589088728e-11
smooth,sl,64,32,True,smooth-r64-sl-i32-rep3,18,1.3192048991758094,4.0702086091041565,2.0274406526148723,0.9008596298742106,79.15229441746278,1.4643845314079809,0.028812377792802366,2.191816369530803e-28,0.9865560531616211,0.0,6.083349399449499e-07,2.9219540501270676e-08,0.131504,0.004272,0.135792,0.13518399999999997,0.137,0.03028503031391662,0.024150341462133483,0.030285030330510703,0.5244731131780096,4.367404839648039e-12,1.6745436589088728e-11
smooth,sl,64,128,True,smooth-r64-sl-i128-rep3,18,0.9596749443191811,2.74480402469635,1.489064959141499,0.6553435590947314,57.5804982417706,1.4643845314079809,0.020960482275429994,2.1514320260094333e-28,0.9864892363548279,0.0,5.958471711048628e-07,2.2132989098666034e-08,0.487216,0.004896,0.492,0.491656,0.492704,0.022162657815759042,0.017713605323584333,0.0221626578323392,0.38137249708659665,4.367404839648039e-12,1.6745436589088728e-11
smooth,sl,64,512,True,smooth-r64-sl-i512-rep3,18,0.26860399520565703,0.7946551736786205,0.4321114933266713,0.18342453892875424,16.116243449274524,1.4643845314079809,0.0056881647759040015,2.095896873098055e-28,0.987127959728241,0.0,6.236877404297073e-07,2.183569358995838e-09,1.9074399999999998,0.0042239999999999995,1.911584,1.9101599999999999,1.9132399999999998,0.006392592225781152,0.005139531501231168,0.006392592242334268,0.10672728448528628,4.367404839648039e-12,1.6745436589088728e-11
smooth,sl,64,2048,True,smooth-r64-sl-i2048-rep3,18,0.0016882350100653806,0.006188573778672435,0.0034335883123599547,0.001152913859803971,0.10129855334056828,1.4643845314079809,-0.0004546000847998275,2.095896873098055e-28,0.9874136447906494,0.0,6.460244747328297e-07,9.19721644495631e-10,7.609968,0.00496,7.6149439999999995,7.612375999999999,7.618872,3.973482586848626e-05,0.00013669028220643492,3.973482373993006e-05,0.0006791776488666966,4.367404839648039e-12,1.6745436589088728e-11
smooth,sl,64,4096,True,smooth-r64-sl-i4096-rep3,18,1.8471300083449917e-05,0.0001697540283203125,2.6274691521334796e-05,1.2601457812023634e-05,0.0011072027935870603,1.4643845314079809,-0.0004868965513150702,2.095896873098055e-28,0.9874136447906494,0.0,6.482552722979825e-07,9.600956424218385e-10,15.207424,0.004288,15.211776,15.210488,15.215463999999999,4.367404839648039e-12,2.6471151876819614e-10,1.836078916641913e-11,3.894270941044546e-06,4.367404839648039e-12,1.6745436589088728e-11
smooth,sl,64,8192,True,smooth-r64-sl-i8192-rep3,18,1.8374116719129466e-05,0.00015425682067871094,2.3797923066993304e-05,1.2532736725309452e-05,0.0011011647478051125,1.4643845314079809,-0.00048689655008794797,2.095896873098055e-28,0.9874136447906494,0.0,6.489672819536173e-07,9.439976935124966e-10,30.387743999999998,0.004384,30.392048,30.390143999999996,30.395695999999997,0.0,0.0,1.6745436589088728e-11,3.567888542109355e-06,4.367404839648039e-12,1.6745436589088728e-11
smooth,maccormack,64,-1,True,smooth-r64-maccormack-i-1-rep1,18,2.701503391972288e-08,4.76837158203125e-07,4.142608786014412e-10,1.0,1.6208625284952375e-06,2.7014375474920627e-08,-2.737310302113594e-06,2.095896873098055e-28,0.9922246336936951,0.0,9.203439287865708e-11,9.203439287865708e-11,0.009104,0.013488,0.022671999999999998,0.022095999999999998,0.023479999999999997,4.656137944955273e-10,1.4384844484133421e-08,0.0,0.0,1.1724235760360702e-10,4.656137942849355e-10
smooth,maccormack,64,0,True,smooth-r64-maccormack-i0-rep1,18,1.4643845310602361,4.126967248975234,2.247137995881017,1.0,87.86307188447886,1.4643845314079809,0.03158016794405991,2.1791996024651224e-28,0.9909641742706299,0.0,2.955132765361163e-08,2.955132765361163e-08,0.012048,0.01296,0.025152,0.024503999999999998,0.026344,0.03254949109118601,0.026169992150821768,0.03254949153787765,0.5833333360306485,1.1724235760360702e-10,4.656137942849355e-10
smooth,maccormack,64,8,True,smooth-r64-maccormack-i8-rep1,18,1.4275786155315433,4.692812025547028,2.1900754378266014,0.974865950066608,85.65471704843316,1.4643845314079809,0.030753392216393338,2.1514320260094333e-28,0.9909125566482544,0.0,6.202379021623753e-07,3.1614526922190204e-08,0.04216,0.01392,0.056464,0.055408,0.0568,0.03169913739337235,0.025492678756368178,0.0316991378404486,0.568001387098183,1.1724235760360702e-10,4.656137942849355e-10
smooth,maccormack,64,32,True,smooth-r64-maccormack-i32-rep1,18,1.3192048991758094,4.0702086091041565,2.0274406526148723,0.9008596298742106,79.15229441746278,1.4643845314079809,0.028455826066857624,2.143856621314429e-28,0.990729808807373,0.0,6.083349399449499e-07,2.9219540501270676e-08,0.131664,0.013135999999999998,0.144864,0.144648,0.14595199999999997,0.029328489030955654,0.023597404849333238,0.02932848947910411,0.5244731131780096,1.1724235760360702e-10,4.656137942849355e-10
smooth,maccormack,64,128,True,smooth-r64-maccormack-i128-rep1,18,0.9596749443191811,2.74480402469635,1.489064959141499,0.6553435590947314,57.5804982417706,1.4643845314079809,0.02083155440886311,2.123664449553744e-28,0.991050124168396,0.0,5.958471711048628e-07,2.2132989098666034e-08,0.487712,0.01352,0.50144,0.5003679999999999,0.502664,0.0214699155895176,0.017309712028562678,0.02146991604122039,0.38137249708659665,1.1724235760360702e-10,4.656137942849355e-10
smooth,maccormack,64,512,True,smooth-r64-maccormack-i512-rep1,18,0.26860399520565703,0.7946551736786205,0.4321114933266713,0.18342453892875424,16.116243449274524,1.4643845314079809,0.006008992495492257,2.095896873098055e-28,0.9921007752418518,0.0,6.236877404297073e-07,2.183569358995838e-09,1.9078239999999997,0.013007999999999999,1.9207999999999998,1.9194959999999999,1.921896,0.006204490209076979,0.005026043170559946,0.006204490667684167,0.10672728448528628,1.1724235760360702e-10,4.656137942849355e-10
smooth,maccormack,64,2048,True,smooth-r64-maccormack-i2048-rep1,18,0.0016882350100653806,0.006188573778672435,0.0034335883123599547,0.001152913859803971,0.10129855334056828,1.4643845314079809,2.5589557550066247e-05,2.095896873098055e-28,0.9922246336936951,0.0,6.460244747328297e-07,9.19721644495631e-10,7.6109279999999995,0.013728,7.625088,7.62224,7.628048,4.803281825273434e-05,0.00011353144049864458,4.803320491667224e-05,0.0006791776488666966,1.1724235760360702e-10,4.656137942849355e-10
smooth,maccormack,64,4096,True,smooth-r64-maccormack-i4096-rep1,18,1.8471300083449917e-05,0.0001697540283203125,2.6274691521334796e-05,1.2601457812023634e-05,0.0011072027935870603,1.4643845314079809,-2.737648601883051e-06,2.095896873098055e-28,0.9922246336936951,0.0,6.482552722979825e-07,9.600956424218385e-10,15.209871999999999,0.014783999999999999,15.224719999999998,15.221136,15.226416,1.1724235760360702e-10,9.706102510616e-09,3.5201852200883357e-10,3.894270941044546e-06,1.1724235760360702e-10,4.656137942849355e-10
smooth,maccormack,64,8192,True,smooth-r64-maccormack-i8192-rep1,18,1.8374116719129466e-05,0.00015425682067871094,2.3797923066993304e-05,1.2532736725309452e-05,0.0011011647478051125,1.4643845314079809,-2.73776258955693e-06,2.095896873098055e-28,0.9922246336936951,0.0,6.489672819536173e-07,9.439976935124966e-10,30.395376,0.013151999999999999,30.40872,30.407312,30.409656,0.0,0.0,4.656137942849355e-10,3.567888542109355e-06,1.1724235760360702e-10,4.656137942849355e-10
smooth,maccormack,64,-1,True,smooth-r64-maccormack-i-1-rep2,18,2.701503391972288e-08,4.76837158203125e-07,4.142608786014412e-10,1.0,1.6208625284952375e-06,2.7014375474920627e-08,-2.737310302113594e-06,2.095896873098055e-28,0.9922246336936951,0.0,9.203439287865708e-11,9.203439287865708e-11,0.009264,0.014352,0.0236,0.022407999999999997,0.024328,4.656137944955273e-10,1.4384844484133421e-08,0.0,0.0,1.1724235760360702e-10,4.656137942849355e-10
smooth,maccormack,64,0,True,smooth-r64-maccormack-i0-rep2,18,1.4643845310602361,4.126967248975234,2.247137995881017,1.0,87.86307188447886,1.4643845314079809,0.03158016794405991,2.1791996024651224e-28,0.9909641742706299,0.0,2.955132765361163e-08,2.955132765361163e-08,0.012944,0.013791999999999999,0.026879999999999998,0.025648,0.027592,0.03254949109118601,0.026169992150821768,0.03254949153787765,0.5833333360306485,1.1724235760360702e-10,4.656137942849355e-10
smooth,maccormack,64,8,True,smooth-r64-maccormack-i8-rep2,18,1.4275786155315433,4.692812025547028,2.1900754378266014,0.974865950066608,85.65471704843316,1.4643845314079809,0.030753392216393338,2.1514320260094333e-28,0.9909125566482544,0.0,6.202379021623753e-07,3.1614526922190204e-08,0.041887999999999995,0.013968,0.0556,0.055015999999999995,0.057224,0.03169913739337235,0.025492678756368178,0.0316991378404486,0.568001387098183,1.1724235760360702e-10,4.656137942849355e-10
smooth,maccormack,64,32,True,smooth-r64-maccormack-i32-rep2,18,1.3192048991758094,4.0702086091041565,2.0274406526148723,0.9008596298742106,79.15229441746278,1.4643845314079809,0.028455826066857624,2.143856621314429e-28,0.990729808807373,0.0,6.083349399449499e-07,2.9219540501270676e-08,0.13168,0.012992,0.144816,0.143728,0.14571199999999998,0.029328489030955654,0.023597404849333238,0.02932848947910411,0.5244731131780096,1.1724235760360702e-10,4.656137942849355e-10
smooth,maccormack,64,128,True,smooth-r64-maccormack-i128-rep2,18,0.9596749443191811,2.74480402469635,1.489064959141499,0.6553435590947314,57.5804982417706,1.4643845314079809,0.02083155440886311,2.123664449553744e-28,0.991050124168396,0.0,5.958471711048628e-07,2.2132989098666034e-08,0.486784,0.013648,0.50064,0.500232,0.5014639999999999,0.0214699155895176,0.017309712028562678,0.02146991604122039,0.38137249708659665,1.1724235760360702e-10,4.656137942849355e-10
smooth,maccormack,64,512,True,smooth-r64-maccormack-i512-rep2,18,0.26860399520565703,0.7946551736786205,0.4321114933266713,0.18342453892875424,16.116243449274524,1.4643845314079809,0.006008992495492257,2.095896873098055e-28,0.9921007752418518,0.0,6.236877404297073e-07,2.183569358995838e-09,1.9085759999999998,0.013007999999999999,1.9215519999999997,1.9203599999999998,1.9223519999999998,0.006204490209076979,0.005026043170559946,0.006204490667684167,0.10672728448528628,1.1724235760360702e-10,4.656137942849355e-10
smooth,maccormack,64,2048,True,smooth-r64-maccormack-i2048-rep2,18,0.0016882350100653806,0.006188573778672435,0.0034335883123599547,0.001152913859803971,0.10129855334056828,1.4643845314079809,2.5589557550066247e-05,2.095896873098055e-28,0.9922246336936951,0.0,6.460244747328297e-07,9.19721644495631e-10,7.611376,0.013583999999999999,7.625503999999999,7.623279999999999,7.62752,4.803281825273434e-05,0.00011353144049864458,4.803320491667224e-05,0.0006791776488666966,1.1724235760360702e-10,4.656137942849355e-10
smooth,maccormack,64,4096,True,smooth-r64-maccormack-i4096-rep2,18,1.8471300083449917e-05,0.0001697540283203125,2.6274691521334796e-05,1.2601457812023634e-05,0.0011072027935870603,1.4643845314079809,-2.737648601883051e-06,2.095896873098055e-28,0.9922246336936951,0.0,6.482552722979825e-07,9.600956424218385e-10,15.207871999999998,0.01456,15.222719999999999,15.221415999999998,15.225183999999999,1.1724235760360702e-10,9.706102510616e-09,3.5201852200883357e-10,3.894270941044546e-06,1.1724235760360702e-10,4.656137942849355e-10
smooth,maccormack,64,8192,True,smooth-r64-maccormack-i8192-rep2,18,1.8374116719129466e-05,0.00015425682067871094,2.3797923066993304e-05,1.2532736725309452e-05,0.0011011647478051125,1.4643845314079809,-2.73776258955693e-06,2.095896873098055e-28,0.9922246336936951,0.0,6.489672819536173e-07,9.439976935124966e-10,30.39656,0.013072,30.40968,30.407007999999998,30.411839999999998,0.0,0.0,4.656137942849355e-10,3.567888542109355e-06,1.1724235760360702e-10,4.656137942849355e-10
smooth,maccormack,64,-1,True,smooth-r64-maccormack-i-1-rep3,18,2.701503391972288e-08,4.76837158203125e-07,4.142608786014412e-10,1.0,1.6208625284952375e-06,2.7014375474920627e-08,-2.737310302113594e-06,2.095896873098055e-28,0.9922246336936951,0.0,9.203439287865708e-11,9.203439287865708e-11,0.00896,0.013472,0.022816,0.021808,0.023336,4.656137944955273e-10,1.4384844484133421e-08,0.0,0.0,1.1724235760360702e-10,4.656137942849355e-10
smooth,maccormack,64,0,True,smooth-r64-maccormack-i0-rep3,18,1.4643845310602361,4.126967248975234,2.247137995881017,1.0,87.86307188447886,1.4643845314079809,0.03158016794405991,2.1791996024651224e-28,0.9909641742706299,0.0,2.955132765361163e-08,2.955132765361163e-08,0.012608,0.013024,0.025744,0.025192,0.026423999999999996,0.03254949109118601,0.026169992150821768,0.03254949153787765,0.5833333360306485,1.1724235760360702e-10,4.656137942849355e-10
smooth,maccormack,64,8,True,smooth-r64-maccormack-i8-rep3,18,1.4275786155315433,4.692812025547028,2.1900754378266014,0.974865950066608,85.65471704843316,1.4643845314079809,0.030753392216393338,2.1514320260094333e-28,0.9909125566482544,0.0,6.202379021623753e-07,3.1614526922190204e-08,0.041968,0.013696,0.055408,0.054712,0.05675999999999999,0.03169913739337235,0.025492678756368178,0.0316991378404486,0.568001387098183,1.1724235760360702e-10,4.656137942849355e-10
smooth,maccormack,64,32,True,smooth-r64-maccormack-i32-rep3,18,1.3192048991758094,4.0702086091041565,2.0274406526148723,0.9008596298742106,79.15229441746278,1.4643845314079809,0.028455826066857624,2.143856621314429e-28,0.990729808807373,0.0,6.083349399449499e-07,2.9219540501270676e-08,0.131872,0.013056,0.144928,0.144224,0.14584799999999998,0.029328489030955654,0.023597404849333238,0.02932848947910411,0.5244731131780096,1.1724235760360702e-10,4.656137942849355e-10
smooth,maccormack,64,128,True,smooth-r64-maccormack-i128-rep3,18,0.9596749443191811,2.74480402469635,1.489064959141499,0.6553435590947314,57.5804982417706,1.4643845314079809,0.02083155440886311,2.123664449553744e-28,0.991050124168396,0.0,5.958471711048628e-07,2.2132989098666034e-08,0.487264,0.013616,0.500944,0.5002880000000001,0.5021359999999999,0.0214699155895176,0.017309712028562678,0.02146991604122039,0.38137249708659665,1.1724235760360702e-10,4.656137942849355e-10
smooth,maccormack,64,512,True,smooth-r64-maccormack-i512-rep3,18,0.26860399520565703,0.7946551736786205,0.4321114933266713,0.18342453892875424,16.116243449274524,1.4643845314079809,0.006008992495492257,2.095896873098055e-28,0.9921007752418518,0.0,6.236877404297073e-07,2.183569358995838e-09,1.90856,0.013007999999999999,1.9215359999999997,1.920216,1.922232,0.006204490209076979,0.005026043170559946,0.006204490667684167,0.10672728448528628,1.1724235760360702e-10,4.656137942849355e-10
smooth,maccormack,64,2048,True,smooth-r64-maccormack-i2048-rep3,18,0.0016882350100653806,0.006188573778672435,0.0034335883123599547,0.001152913859803971,0.10129855334056828,1.4643845314079809,2.5589557550066247e-05,2.095896873098055e-28,0.9922246336936951,0.0,6.460244747328297e-07,9.19721644495631e-10,7.611648,0.013472,7.625712,7.622751999999999,7.627479999999999,4.803281825273434e-05,0.00011353144049864458,4.803320491667224e-05,0.0006791776488666966,1.1724235760360702e-10,4.656137942849355e-10
smooth,maccormack,64,4096,True,smooth-r64-maccormack-i4096-rep3,18,1.8471300083449917e-05,0.0001697540283203125,2.6274691521334796e-05,1.2601457812023634e-05,0.0011072027935870603,1.4643845314079809,-2.737648601883051e-06,2.095896873098055e-28,0.9922246336936951,0.0,6.482552722979825e-07,9.600956424218385e-10,15.209472,0.014496,15.224224,15.220928,15.227799999999998,1.1724235760360702e-10,9.706102510616e-09,3.5201852200883357e-10,3.894270941044546e-06,1.1724235760360702e-10,4.656137942849355e-10
smooth,maccormack,64,8192,True,smooth-r64-maccormack-i8192-rep3,18,1.8374116719129466e-05,0.00015425682067871094,2.3797923066993304e-05,1.2532736725309452e-05,0.0011011647478051125,1.4643845314079809,-2.73776258955693e-06,2.095896873098055e-28,0.9922246336936951,0.0,6.489672819536173e-07,9.439976935124966e-10,30.396383999999998,0.013104,30.409568,30.409,30.412888,0.0,0.0,4.656137942849355e-10,3.567888542109355e-06,1.1724235760360702e-10,4.656137942849355e-10
sharp,sl,32,-1,True,sharp-r32-sl-i-1-rep1,18,4.624705805853064e-08,4.76837158203125e-07,0.0,1.0,2.780524336835309e-06,4.634207228058848e-08,-0.0013253348214285715,0.0,1.0,0.0,1.1807693386858325e-09,1.1807693386858325e-09,0.003232,0.00224,0.005488,0.005408,0.005656,0.0,0.0,0.0,0.0,0.0,0.0
sharp,sl,32,0,True,sharp-r32-sl-i0-rep1,18,1.4608587090201646,4.072528004646301,2.4084795291727548,1.0,87.65152258743967,1.4608587097906611,0.03749302455357143,0.0,1.0,0.0,3.736468130468113e-08,3.736468130468113e-08,0.005248,0.002176,0.007424,0.007336,0.007663999999999999,0.039254033666270866,0.051320288035736794,0.039254033666270866,0.583333256863287,0.0,0.0
sharp,sl,32,8,True,sharp-r32-sl-i8-rep1,18,1.3113347652075975,3.9194872975349426,2.1724482130360627,0.8976465448819264,78.68008640425535,1.4608587097906611,0.03367396763392857,0.0,1.0,0.0,3.04998149058016e-07,3.811607721282236e-08,0.021471999999999998,0.002336,0.023823999999999998,0.023728,0.02412,0.03532513794789411,0.046247205155879725,0.03532513794789411,0.5222718914184548,0.0,0.0
sharp,sl,32,32,True,sharp-r32-sl-i32-rep1,18,0.9443350003472176,2.6958251762608825,1.594257876572502,0.6464246138009334,56.66010163764948,1.4608587097906611,0.024239676339285716,0.0,1.0,0.0,2.9910974992988603e-07,2.7222717199218395e-08,0.07092799999999999,0.0021119999999999997,0.073104,0.072968,0.073248,0.02591324998253824,0.03403602208254192,0.02591324998253824,0.37547583099685317,0.0,0.0
sharp,sl,32,128,True,sharp-r32-sl-i128-rep1,18,0.2534607539587668,0.7800051180740866,0.4600633330675498,0.1735012533262491,15.207649024874815,1.4608587097906611,0.005964006696428571,0.0,1.0,0.0,3.2094875824712257e-07,4.055086701350569e-09,0.267408,0.002176,0.269584,0.269104,0.269712,0.007473632744290005,0.010018516649801162,0.007473632744290005,0.10072762631335233,0.0,0.0
sharp,sl,32,512,True,sharp-r32-sl-i512-rep1,18,0.0014952825884897466,0.006455289500991057,0.00400674918294239,0.0010236103725271858,0.08972100768830417,1.4608587097906611,-0.0013253348214285715,0.0,1.0,0.0,3.2935525253175475e-07,3.3825952103535753e-09,1.053808,0.002304,1.055984,1.0556480000000001,1.056472,0.0,0.0,0.0,0.0006244220412111306,0.0,0.0
sharp,sl,32,2048,True,sharp-r32-sl-i2048-rep1,18,5.144207057605345e-06,3.8504600524902344e-05,6.495209544585867e-06,3.487838183929009e-06,0.0003057143273599881,1.4608587097906611,-0.0013253348214285715,0.0,1.0,0.0,3.3254748075040016e-07,3.253646818883928e-09,4.197328,0.002304,4.199584,4.199223999999999,4.199879999999999,0.0,0.0,0.0,1.54322178652503e-06,0.0,0.0
sharp,sl,32,4096,True,sharp-r32-sl-i4096-rep1,18,5.144207057605345e-06,3.8504600524902344e-05,6.495209544585867e-06,3.487838183929009e-06,0.0003057143273599881,1.4608587097906611,-0.0013253348214285715,0.0,1.0,0.0,3.3254748075040016e-07,3.253646818883928e-09,8.3896,0.002336,8.391904,8.391672,8.392423999999998,0.0,0.0,0.0,1.54322178652503e-06,0.0,0.0
sharp,sl,32,8192,True,sharp-r32-sl-i8192-rep1,18,5.144207057605345e-06,3.8504600524902344e-05,6.495209544585867e-06,3.487838183929009e-06,0.0003057143273599881,1.4608587097906611,-0.0013253348214285715,0.0,1.0,0.0,3.3254748075040016e-07,3.253646818883928e-09,16.774672,0.00232,16.777103999999998,16.776328,16.777376,0.0,0.0,0.0,1.54322178652503e-06,0.0,0.0
sharp,sl,32,-1,True,sharp-r32-sl-i-1-rep2,18,4.624705805853064e-08,4.76837158203125e-07,0.0,1.0,2.780524336835309e-06,4.634207228058848e-08,-0.0013253348214285715,0.0,1.0,0.0,1.1807693386858325e-09,1.1807693386858325e-09,0.003232,0.002208,0.005504,0.00544,0.0056,0.0,0.0,0.0,0.0,0.0,0.0
sharp,sl,32,0,True,sharp-r32-sl-i0-rep2,18,1.4608587090201646,4.072528004646301,2.4084795291727548,1.0,87.65152258743967,1.4608587097906611,0.03749302455357143,0.0,1.0,0.0,3.736468130468113e-08,3.736468130468113e-08,0.005264,0.00216,0.007424,0.0073279999999999994,0.007607999999999999,0.039254033666270866,0.051320288035736794,0.039254033666270866,0.583333256863287,0.0,0.0
sharp,sl,32,8,True,sharp-r32-sl-i8-rep2,18,1.3113347652075975,3.9194872975349426,2.1724482130360627,0.8976465448819264,78.68008640425535,1.4608587097906611,0.03367396763392857,0.0,1.0,0.0,3.04998149058016e-07,3.811607721282236e-08,0.021471999999999998,0.002176,0.023712,0.023648,0.024127999999999997,0.03532513794789411,0.046247205155879725,0.03532513794789411,0.5222718914184548,0.0,0.0
sharp,sl,32,32,True,sharp-r32-sl-i32-rep2,18,0.9443350003472176,2.6958251762608825,1.594257876572502,0.6464246138009334,56.66010163764948,1.4608587097906611,0.024239676339285716,0.0,1.0,0.0,2.9910974992988603e-07,2.7222717199218395e-08,0.071024,0.0021279999999999997,0.073184,0.07304000000000001,0.07330400000000001,0.02591324998253824,0.03403602208254192,0.02591324998253824,0.37547583099685317,0.0,0.0
sharp,sl,32,128,True,sharp-r32-sl-i128-rep2,18,0.2534607539587668,0.7800051180740866,0.4600633330675498,0.1735012533262491,15.207649024874815,1.4608587097906611,0.005964006696428571,0.0,1.0,0.0,3.2094875824712257e-07,4.055086701350569e-09,0.26736,0.002176,0.26955199999999996,0.269304,0.269656,0.007473632744290005,0.010018516649801162,0.007473632744290005,0.10072762631335233,0.0,0.0
sharp,sl,32,512,True,sharp-r32-sl-i512-rep2,18,0.0014952825884897466,0.006455289500991057,0.00400674918294239,0.0010236103725271858,0.08972100768830417,1.4608587097906611,-0.0013253348214285715,0.0,1.0,0.0,3.2935525253175475e-07,3.3825952103535753e-09,1.053968,0.002304,1.056192,1.0558960000000002,1.056552,0.0,0.0,0.0,0.0006244220412111306,0.0,0.0
sharp,sl,32,2048,True,sharp-r32-sl-i2048-rep2,18,5.144207057605345e-06,3.8504600524902344e-05,6.495209544585867e-06,3.487838183929009e-06,0.0003057143273599881,1.4608587097906611,-0.0013253348214285715,0.0,1.0,0.0,3.3254748075040016e-07,3.253646818883928e-09,4.197216,0.002336,4.199552,4.199255999999999,4.199984,0.0,0.0,0.0,1.54322178652503e-06,0.0,0.0
sharp,sl,32,4096,True,sharp-r32-sl-i4096-rep2,18,5.144207057605345e-06,3.8504600524902344e-05,6.495209544585867e-06,3.487838183929009e-06,0.0003057143273599881,1.4608587097906611,-0.0013253348214285715,0.0,1.0,0.0,3.3254748075040016e-07,3.253646818883928e-09,8.389375999999999,0.002352,8.391744,8.391399999999999,8.392152,0.0,0.0,0.0,1.54322178652503e-06,0.0,0.0
sharp,sl,32,8192,True,sharp-r32-sl-i8192-rep2,18,5.144207057605345e-06,3.8504600524902344e-05,6.495209544585867e-06,3.487838183929009e-06,0.0003057143273599881,1.4608587097906611,-0.0013253348214285715,0.0,1.0,0.0,3.3254748075040016e-07,3.253646818883928e-09,16.774048,0.002336,16.776400000000002,16.775855999999997,16.776936,0.0,0.0,0.0,1.54322178652503e-06,0.0,0.0
sharp,sl,32,-1,True,sharp-r32-sl-i-1-rep3,18,4.624705805853064e-08,4.76837158203125e-07,0.0,1.0,2.780524336835309e-06,4.634207228058848e-08,-0.0013253348214285715,0.0,1.0,0.0,1.1807693386858325e-09,1.1807693386858325e-09,0.003232,0.00224,0.005488,0.005416,0.005632,0.0,0.0,0.0,0.0,0.0,0.0
sharp,sl,32,0,True,sharp-r32-sl-i0-rep3,18,1.4608587090201646,4.072528004646301,2.4084795291727548,1.0,87.65152258743967,1.4608587097906611,0.03749302455357143,0.0,1.0,0.0,3.736468130468113e-08,3.736468130468113e-08,0.00528,0.002176,0.007535999999999999,0.00736,0.007648,0.039254033666270866,0.051320288035736794,0.039254033666270866,0.583333256863287,0.0,0.0
sharp,sl,32,8,True,sharp-r32-sl-i8-rep3,18,1.3113347652075975,3.9194872975349426,2.1724482130360627,0.8976465448819264,78.68008640425535,1.4608587097906611,0.03367396763392857,0.0,1.0,0.0,3.04998149058016e-07,3.811607721282236e-08,0.02144,0.002304,0.02376,0.023656000000000003,0.023967999999999996,0.03532513794789411,0.046247205155879725,0.03532513794789411,0.5222718914184548,0.0,0.0
sharp,sl,32,32,True,sharp-r32-sl-i32-rep3,18,0.9443350003472176,2.6958251762608825,1.594257876572502,0.6464246138009334,56.66010163764948,1.4608587097906611,0.024239676339285716,0.0,1.0,0.0,2.9910974992988603e-07,2.7222717199218395e-08,0.07088,0.0021279999999999997,0.073008,0.072832,0.07311200000000001,0.02591324998253824,0.03403602208254192,0.02591324998253824,0.37547583099685317,0.0,0.0
sharp,sl,32,128,True,sharp-r32-sl-i128-rep3,18,0.2534607539587668,0.7800051180740866,0.4600633330675498,0.1735012533262491,15.207649024874815,1.4608587097906611,0.005964006696428571,0.0,1.0,0.0,3.2094875824712257e-07,4.055086701350569e-09,0.267328,0.002176,0.26952,0.26933599999999996,0.269688,0.007473632744290005,0.010018516649801162,0.007473632744290005,0.10072762631335233,0.0,0.0
sharp,sl,32,512,True,sharp-r32-sl-i512-rep3,18,0.0014952825884897466,0.006455289500991057,0.00400674918294239,0.0010236103725271858,0.08972100768830417,1.4608587097906611,-0.0013253348214285715,0.0,1.0,0.0,3.2935525253175475e-07,3.3825952103535753e-09,1.05384,0.002304,1.0560640000000001,1.055792,1.056768,0.0,0.0,0.0,0.0006244220412111306,0.0,0.0
sharp,sl,32,2048,True,sharp-r32-sl-i2048-rep3,18,5.144207057605345e-06,3.8504600524902344e-05,6.495209544585867e-06,3.487838183929009e-06,0.0003057143273599881,1.4608587097906611,-0.0013253348214285715,0.0,1.0,0.0,3.3254748075040016e-07,3.253646818883928e-09,4.197583999999999,0.002304,4.1999200000000005,4.199287999999999,4.200151999999999,0.0,0.0,0.0,1.54322178652503e-06,0.0,0.0
sharp,sl,32,4096,True,sharp-r32-sl-i4096-rep3,18,5.144207057605345e-06,3.8504600524902344e-05,6.495209544585867e-06,3.487838183929009e-06,0.0003057143273599881,1.4608587097906611,-0.0013253348214285715,0.0,1.0,0.0,3.3254748075040016e-07,3.253646818883928e-09,8.389567999999999,0.002368,8.391936,8.391784,8.392135999999999,0.0,0.0,0.0,1.54322178652503e-06,0.0,0.0
sharp,sl,32,8192,True,sharp-r32-sl-i8192-rep3,18,5.144207057605345e-06,3.8504600524902344e-05,6.495209544585867e-06,3.487838183929009e-06,0.0003057143273599881,1.4608587097906611,-0.0013253348214285715,0.0,1.0,0.0,3.3254748075040016e-07,3.253646818883928e-09,16.774096,0.00232,16.776415999999998,16.775936,16.776671999999998,0.0,0.0,0.0,1.54322178652503e-06,0.0,0.0
sharp,maccormack,32,-1,True,sharp-r32-maccormack-i-1-rep1,18,4.624705805853064e-08,4.76837158203125e-07,0.0,1.0,2.780524336835309e-06,4.634207228058848e-08,0.0008385522024972099,0.0,1.0,0.0,1.1807693386858325e-09,1.1807693386858325e-09,0.003264,0.005888,0.009167999999999999,0.009096,0.009295999999999999,0.0,0.0,0.0,0.0,0.0,0.0
sharp,maccormack,32,0,True,sharp-r32-maccormack-i0-rep1,18,1.4608587090201646,4.072528004646301,2.4084795291727548,1.0,87.65152258743967,1.4608587097906611,0.02408947263445173,0.0,1.0,0.0,3.736468130468113e-08,3.736468130468113e-08,0.005264,0.005888,0.01112,0.011104,0.011344,0.02339533420535034,0.029936365747341938,0.02339533420535034,0.583333256863287,0.0,0.0
sharp,maccormack,32,8,True,sharp-r32-maccormack-i8-rep1,18,1.3113347652075975,3.9194872975349426,2.1724482130360627,0.8976465448819264,78.68008640425535,1.4608587097906611,0.02176962579999651,0.0,1.0,0.0,3.04998149058016e-07,3.811607721282236e-08,0.021488,0.006016,0.027552,0.02744,0.02768,0.021046666794624205,0.02695430824820433,0.021046666794624205,0.5222718914184548,0.0,0.0
sharp,maccormack,32,32,True,sharp-r32-maccormack-i32-rep1,18,0.9443350003472176,2.6958251762608825,1.594257876572502,0.6464246138009334,56.66010163764948,1.4608587097906611,0.01602520261492048,0.0,1.0,0.0,2.9910974992988603e-07,2.7222717199218395e-08,0.07083199999999999,0.005791999999999999,0.076656,0.07647999999999999,0.076768,0.015284459815683974,0.019655181980277683,0.015284459815683974,0.37547583099685317,0.0,0.0
sharp,maccormack,32,128,True,sharp-r32-maccormack-i128-rep1,18,0.2534607539587668,0.7800051180740866,0.4600633330675498,0.1735012533262491,15.207649024874815,1.4608587097906611,0.005201918738228934,0.0,1.0,0.0,3.2094875824712257e-07,4.055086701350569e-09,0.267344,0.006288,0.27369600000000005,0.273456,0.273968,0.004433830775067392,0.005831299467793975,0.004433830775067392,0.10072762631335233,0.0,0.0
sharp,maccormack,32,512,True,sharp-r32-maccormack-i512-rep1,18,0.0014952825884897466,0.006455289500991057,0.00400674918294239,0.0010236103725271858,0.08972100768830417,1.4608587097906611,0.0008407320295061384,0.0,1.0,0.0,3.2935525253175475e-07,3.3825952103535753e-09,1.053872,0.006,1.0598239999999999,1.059312,1.06012,3.2670009625401585e-06,2.1016479294994654e-05,3.2670009625401585e-06,0.0006244220412111306,0.0,0.0
sharp,maccormack,32,2048,True,sharp-r32-maccormack-i2048-rep1,18,5.144207057605345e-06,3.8504600524902344e-05,6.495209544585867e-06,3.487838183929009e-06,0.0003057143273599881,1.4608587097906611,0.0008385522024972099,0.0,1.0,0.0,3.3254748075040016e-07,3.253646818883928e-09,4.197424,0.006192,4.203647999999999,4.203215999999999,4.203831999999999,0.0,0.0,0.0,1.54322178652503e-06,0.0,0.0
sharp,maccormack,32,4096,True,sharp-r32-maccormack-i4096-rep1,18,5.144207057605345e-06,3.8504600524902344e-05,6.495209544585867e-06,3.487838183929009e-06,0.0003057143273599881,1.4608587097906611,0.0008385522024972099,0.0,1.0,0.0,3.3254748075040016e-07,3.253646818883928e-09,8.38944,0.006111999999999999,8.3956,8.395224,8.395743999999999,0.0,0.0,0.0,1.54322178652503e-06,0.0,0.0
sharp,maccormack,32,8192,True,sharp-r32-maccormack-i8192-rep1,18,5.144207057605345e-06,3.8504600524902344e-05,6.495209544585867e-06,3.487838183929009e-06,0.0003057143273599881,1.4608587097906611,0.0008385522024972099,0.0,1.0,0.0,3.3254748075040016e-07,3.253646818883928e-09,16.774176,0.006016,16.780160000000002,16.779888,16.780544,0.0,0.0,0.0,1.54322178652503e-06,0.0,0.0
sharp,maccormack,32,-1,True,sharp-r32-maccormack-i-1-rep2,18,4.624705805853064e-08,4.76837158203125e-07,0.0,1.0,2.780524336835309e-06,4.634207228058848e-08,0.0008385522024972099,0.0,1.0,0.0,1.1807693386858325e-09,1.1807693386858325e-09,0.003264,0.005856,0.00912,0.009087999999999999,0.0092,0.0,0.0,0.0,0.0,0.0,0.0
sharp,maccormack,32,0,True,sharp-r32-maccormack-i0-rep2,18,1.4608587090201646,4.072528004646301,2.4084795291727548,1.0,87.65152258743967,1.4608587097906611,0.02408947263445173,0.0,1.0,0.0,3.736468130468113e-08,3.736468130468113e-08,0.005264,0.005888,0.011152,0.011071999999999999,0.011335999999999999,0.02339533420535034,0.029936365747341938,0.02339533420535034,0.583333256863287,0.0,0.0
sharp,maccormack,32,8,True,sharp-r32-maccormack-i8-rep2,18,1.3113347652075975,3.9194872975349426,2.1724482130360627,0.8976465448819264,78.68008640425535,1.4608587097906611,0.02176962579999651,0.0,1.0,0.0,3.04998149058016e-07,3.811607721282236e-08,0.021504,0.006144,0.027648,0.02748,0.027735999999999997,0.021046666794624205,0.02695430824820433,0.021046666794624205,0.5222718914184548,0.0,0.0
sharp,maccormack,32,32,True,sharp-r32-maccormack-i32-rep2,18,0.9443350003472176,2.6958251762608825,1.594257876572502,0.6464246138009334,56.66010163764948,1.4608587097906611,0.01602520261492048,0.0,1.0,0.0,2.9910974992988603e-07,2.7222717199218395e-08,0.071024,0.005823999999999999,0.07689599999999999,0.076552,0.077048,0.015284459815683974,0.019655181980277683,0.015284459815683974,0.37547583099685317,0.0,0.0
sharp,maccormack,32,128,True,sharp-r32-maccormack-i128-rep2,18,0.2534607539587668,0.7800051180740866,0.4600633330675498,0.1735012533262491,15.207649024874815,1.4608587097906611,0.005201918738228934,0.0,1.0,0.0,3.2094875824712257e-07,4.055086701350569e-09,0.26734399999999997,0.0061600000000000005,0.273568,0.273184,0.27372,0.004433830775067392,0.005831299467793975,0.004433830775067392,0.10072762631335233,0.0,0.0
sharp,maccormack,32,512,True,sharp-r32-maccormack-i512-rep2,18,0.0014952825884897466,0.006455289500991057,0.00400674918294239,0.0010236103725271858,0.08972100768830417,1.4608587097906611,0.0008407320295061384,0.0,1.0,0.0,3.2935525253175475e-07,3.3825952103535753e-09,1.053792,0.0059039999999999995,1.059616,1.059024,1.06016,3.2670009625401585e-06,2.1016479294994654e-05,3.2670009625401585e-06,0.0006244220412111306,0.0,0.0
sharp,maccormack,32,2048,True,sharp-r32-maccormack-i2048-rep2,18,5.144207057605345e-06,3.8504600524902344e-05,6.495209544585867e-06,3.487838183929009e-06,0.0003057143273599881,1.4608587097906611,0.0008385522024972099,0.0,1.0,0.0,3.3254748075040016e-07,3.253646818883928e-09,4.197488,0.006208,4.2036,4.2032,4.204008,0.0,0.0,0.0,1.54322178652503e-06,0.0,0.0
sharp,maccormack,32,4096,True,sharp-r32-maccormack-i4096-rep2,18,5.144207057605345e-06,3.8504600524902344e-05,6.495209544585867e-06,3.487838183929009e-06,0.0003057143273599881,1.4608587097906611,0.0008385522024972099,0.0,1.0,0.0,3.3254748075040016e-07,3.253646818883928e-09,8.389456,0.006111999999999999,8.395568,8.395056,8.396151999999999,0.0,0.0,0.0,1.54322178652503e-06,0.0,0.0
sharp,maccormack,32,8192,True,sharp-r32-maccormack-i8192-rep2,18,5.144207057605345e-06,3.8504600524902344e-05,6.495209544585867e-06,3.487838183929009e-06,0.0003057143273599881,1.4608587097906611,0.0008385522024972099,0.0,1.0,0.0,3.3254748075040016e-07,3.253646818883928e-09,16.774288,0.005984,16.780319999999996,16.77988,16.78092,0.0,0.0,0.0,1.54322178652503e-06,0.0,0.0
sharp,maccormack,32,-1,True,sharp-r32-maccormack-i-1-rep3,18,4.624705805853064e-08,4.76837158203125e-07,0.0,1.0,2.780524336835309e-06,4.634207228058848e-08,0.0008385522024972099,0.0,1.0,0.0,1.1807693386858325e-09,1.1807693386858325e-09,0.003232,0.0058720000000000005,0.009152,0.009088,0.009304,0.0,0.0,0.0,0.0,0.0,0.0
sharp,maccormack,32,0,True,sharp-r32-maccormack-i0-rep3,18,1.4608587090201646,4.072528004646301,2.4084795291727548,1.0,87.65152258743967,1.4608587097906611,0.02408947263445173,0.0,1.0,0.0,3.736468130468113e-08,3.736468130468113e-08,0.00528,0.005888,0.011184,0.011047999999999999,0.011296,0.02339533420535034,0.029936365747341938,0.02339533420535034,0.583333256863287,0.0,0.0
sharp,maccormack,32,8,True,sharp-r32-maccormack-i8-rep3,18,1.3113347652075975,3.9194872975349426,2.1724482130360627,0.8976465448819264,78.68008640425535,1.4608587097906611,0.02176962579999651,0.0,1.0,0.0,3.04998149058016e-07,3.811607721282236e-08,0.021488,0.006128,0.027552,0.027416,0.02772,0.021046666794624205,0.02695430824820433,0.021046666794624205,0.5222718914184548,0.0,0.0
sharp,maccormack,32,32,True,sharp-r32-maccormack-i32-rep3,18,0.9443350003472176,2.6958251762608825,1.594257876572502,0.6464246138009334,56.66010163764948,1.4608587097906611,0.01602520261492048,0.0,1.0,0.0,2.9910974992988603e-07,2.7222717199218395e-08,0.07092799999999999,0.005823999999999999,0.076816,0.0764,0.076888,0.015284459815683974,0.019655181980277683,0.015284459815683974,0.37547583099685317,0.0,0.0
sharp,maccormack,32,128,True,sharp-r32-maccormack-i128-rep3,18,0.2534607539587668,0.7800051180740866,0.4600633330675498,0.1735012533262491,15.207649024874815,1.4608587097906611,0.005201918738228934,0.0,1.0,0.0,3.2094875824712257e-07,4.055086701350569e-09,0.267472,0.006128,0.273664,0.27344799999999997,0.27378399999999997,0.004433830775067392,0.005831299467793975,0.004433830775067392,0.10072762631335233,0.0,0.0
sharp,maccormack,32,512,True,sharp-r32-maccormack-i512-rep3,18,0.0014952825884897466,0.006455289500991057,0.00400674918294239,0.0010236103725271858,0.08972100768830417,1.4608587097906611,0.0008407320295061384,0.0,1.0,0.0,3.2935525253175475e-07,3.3825952103535753e-09,1.053968,0.00592,1.059872,1.0593839999999999,1.0600479999999999,3.2670009625401585e-06,2.1016479294994654e-05,3.2670009625401585e-06,0.0006244220412111306,0.0,0.0
sharp,maccormack,32,2048,True,sharp-r32-maccormack-i2048-rep3,18,5.144207057605345e-06,3.8504600524902344e-05,6.495209544585867e-06,3.487838183929009e-06,0.0003057143273599881,1.4608587097906611,0.0008385522024972099,0.0,1.0,0.0,3.3254748075040016e-07,3.253646818883928e-09,4.197343999999999,0.006128,4.203616,4.203176,4.20388,0.0,0.0,0.0,1.54322178652503e-06,0.0,0.0
sharp,maccormack,32,4096,True,sharp-r32-maccormack-i4096-rep3,18,5.144207057605345e-06,3.8504600524902344e-05,6.495209544585867e-06,3.487838183929009e-06,0.0003057143273599881,1.4608587097906611,0.0008385522024972099,0.0,1.0,0.0,3.3254748075040016e-07,3.253646818883928e-09,8.389408,0.006111999999999999,8.395503999999999,8.395112,8.3958,0.0,0.0,0.0,1.54322178652503e-06,0.0,0.0
sharp,maccormack,32,8192,True,sharp-r32-maccormack-i8192-rep3,18,5.144207057605345e-06,3.8504600524902344e-05,6.495209544585867e-06,3.487838183929009e-06,0.0003057143273599881,1.4608587097906611,0.0008385522024972099,0.0,1.0,0.0,3.3254748075040016e-07,3.253646818883928e-09,16.774079999999998,0.005936,16.779968,16.779863999999996,16.780223999999997,0.0,0.0,0.0,1.54322178652503e-06,0.0,0.0
sharp,sl,64,-1,True,sharp-r64-sl-i-1-rep1,18,2.701503391972288e-08,4.76837158203125e-07,0.0,1.0,1.6208625284952375e-06,2.7014375474920627e-08,-0.0004991319444444444,0.0,1.0,0.0,9.203439287865708e-11,9.203439287865708e-11,0.008879999999999999,0.00432,0.013264,0.012752,0.013856,0.0,0.0,0.0,0.0,0.0,0.0
sharp,sl,64,0,True,sharp-r64-sl-i0-rep1,18,1.4643845310602361,4.126967248975234,2.4060390209755913,1.0,87.86307188447886,1.4643845314079809,0.03796657986111111,0.0,1.0,0.0,2.955132765361163e-08,2.955132765361163e-08,0.013024,0.004144,0.017248,0.016399999999999998,0.017704,0.04080812905747226,0.07303214764855198,0.04080812905747226,0.5833333360306485,0.0,0.0
sharp,sl,64,8,True,sharp-r64-sl-i8-rep1,18,1.4275786155315433,4.692812025547028,2.3449367169296624,0.974865950066608,85.65471704843316,1.4643845314079809,0.036946614583333336,0.0,1.0,0.0,6.202379021623753e-07,3.1614526922190204e-08,0.041999999999999996,0.004928,0.046847999999999994,0.045448,0.047712,0.03976051414551534,0.07120293286783,0.03976051414551534,0.568001387098183,0.0,0.0
sharp,sl,64,32,True,sharp-r64-sl-i32-rep1,18,1.3192048991758094,4.0702086091041565,2.1707875880550502,0.9008596298742106,79.15229441746278,1.4643845314079809,0.03411458333333333,0.0,1.0,0.0,6.083349399449499e-07,2.9219540501270676e-08,0.13168,0.0041919999999999995,0.135888,0.135112,0.13660799999999998,0.03678051110580368,0.06598262454094939,0.03678051110580368,0.5244731131780096,0.0,0.0
sharp,sl,64,128,True,sharp-r64-sl-i128-rep1,18,0.9596749443191811,2.74480402469635,1.594259448045964,0.6553435590947314,57.5804982417706,1.4643845314079809,0.02488335503472222,0.0,1.0,0.0,5.958471711048628e-07,2.2132989098666034e-08,0.48751999999999995,0.004256,0.49215999999999993,0.491472,0.49297599999999997,0.026980155025294744,0.048850954190086456,0.026980155025294744,0.38137249708659665,0.0,0.0
sharp,sl,64,512,True,sharp-r64-sl-i512-rep1,18,0.26860399520565703,0.7946551736786205,0.4626329835940236,0.18342453892875424,16.116243449274524,1.4643845314079809,0.006757269965277778,0.0,1.0,0.0,6.236877404297073e-07,2.183569358995838e-09,1.908656,0.004175999999999999,1.9128479999999999,1.912016,1.91376,0.007857111839676922,0.014433522938274004,0.007857111839676922,0.10672728448528628,0.0,0.0
sharp,sl,64,2048,True,sharp-r64-sl-i2048-rep1,18,0.0016882350100653806,0.006188573778672435,0.003684997888718118,0.001152913859803971,0.10129855334056828,1.4643845314079809,-0.0004991319444444444,0.0,1.0,0.0,6.460244747328297e-07,9.19721644495631e-10,7.6123199999999995,0.0049759999999999995,7.617263999999999,7.614871999999999,7.619975999999999,0.0,0.0,0.0,0.0006791776488666966,0.0,0.0
sharp,sl,64,4096,True,sharp-r64-sl-i4096-rep1,18,1.8471300083449917e-05,0.0001697540283203125,2.7889433965998455e-05,1.2601457812023634e-05,0.0011072027935870603,1.4643845314079809,-0.0004991319444444444,0.0,1.0,0.0,6.482552722979825e-07,9.600956424218385e-10,15.20576,0.00424,15.21008,15.2092,15.21196,0.0,0.0,0.0,3.894270941044546e-06,0.0,0.0
sharp,sl,64,8192,True,sharp-r64-sl-i8192-rep1,18,1.8374116719129466e-05,0.00015425682067871094,2.516276326236719e-05,1.2532736725309452e-05,0.0011011647478051125,1.4643845314079809,-0.0004991319444444444,0.0,1.0,0.0,6.489672819536173e-07,9.439976935124966e-10,30.393935999999997,0.004288,30.39824,30.396863999999997,30.402208,0.0,0.0,0.0,3.567888542109355e-06,0.0,0.0
sharp,sl,64,-1,True,sharp-r64-sl-i-1-rep2,18,2.701503391972288e-08,4.76837158203125e-07,0.0,1.0,1.6208625284952375e-06,2.7014375474920627e-08,-0.0004991319444444444,0.0,1.0,0.0,9.203439287865708e-11,9.203439287865708e-11,0.009072,0.00424,0.013408,0.012839999999999999,0.013975999999999999,0.0,0.0,0.0,0.0,0.0,0.0
sharp,sl,64,0,True,sharp-r64-sl-i0-rep2,18,1.4643845310602361,4.126967248975234,2.4060390209755913,1.0,87.86307188447886,1.4643845314079809,0.03796657986111111,0.0,1.0,0.0,2.955132765361163e-08,2.955132765361163e-08,0.012752,0.004128,0.016944,0.016512000000000002,0.01724,0.04080812905747226,0.07303214764855198,0.04080812905747226,0.5833333360306485,0.0,0.0
sharp,sl,64,8,True,sharp-r64-sl-i8-rep2,18,1.4275786155315433,4.692812025547028,2.3449367169296624,0.974865950066608,85.65471704843316,1.4643845314079809,0.036946614583333336,0.0,1.0,0.0,6.202379021623753e-07,3.1614526922190204e-08,0.04128,0.005024,0.046336,0.04568799999999999,0.047327999999999995,0.03976051414551534,0.07120293286783,0.03976051414551534,0.568001387098183,0.0,0.0
sharp,sl,64,32,True,sharp-r64-sl-i32-rep2,18,1.3192048991758094,4.0702086091041565,2.1707875880550502,0.9008596298742106,79.15229441746278,1.4643845314079809,0.03411458333333333,0.0,1.0,0.0,6.083349399449499e-07,2.9219540501270676e-08,0.131744,0.004256,0.13601600000000003,0.135792,0.13699999999999998,0.03678051110580368,0.06598262454094939,0.03678051110580368,0.5244731131780096,0.0,0.0
sharp,sl,64,128,True,sharp-r64-sl-i128-rep2,18,0.9596749443191811,2.74480402469635,1.594259448045964,0.6553435590947314,57.5804982417706,1.4643845314079809,0.02488335503472222,0.0,1.0,0.0,5.958471711048628e-07,2.2132989098666034e-08,0.487568,0.004704,0.492224,0.491536,0.493232,0.026980155025294744,0.048850954190086456,0.026980155025294744,0.38137249708659665,0.0,0.0
sharp,sl,64,512,True,sharp-r64-sl-i512-rep2,18,0.26860399520565703,0.7946551736786205,0.4626329835940236,0.18342453892875424,16.116243449274524,1.4643845314079809,0.006757269965277778,0.0,1.0,0.0,6.236877404297073e-07,2.183569358995838e-09,1.90816,0.004128,1.9123359999999998,1.9112639999999999,1.914304,0.007857111839676922,0.014433522938274004,0.007857111839676922,0.10672728448528628,0.0,0.0
sharp,sl,64,2048,True,sharp-r64-sl-i2048-rep2,18,0.0016882350100653806,0.006188573778672435,0.003684997888718118,0.001152913859803971,0.10129855334056828,1.4643845314079809,-0.0004991319444444444,0.0,1.0,0.0,6.460244747328297e-07,9.19721644495631e-10,7.611824,0.004912,7.616511999999999,7.613376,7.617736,0.0,0.0,0.0,0.0006791776488666966,0.0,0.0
sharp,sl,64,4096,True,sharp-r64-sl-i4096-rep2,18,1.8471300083449917e-05,0.0001697540283203125,2.7889433965998455e-05,1.2601457812023634e-05,0.0011072027935870603,1.4643845314079809,-0.0004991319444444444,0.0,1.0,0.0,6.482552722979825e-07,9.600956424218385e-10,15.208976,0.004256,15.2132,15.210792,15.215495999999998,0.0,0.0,0.0,3.894270941044546e-06,0.0,0.0
sharp,sl,64,8192,True,sharp-r64-sl-i8192-rep2,18,1.8374116719129466e-05,0.00015425682067871094,2.516276326236719e-05,1.2532736725309452e-05,0.0011011647478051125,1.4643845314079809,-0.0004991319444444444,0.0,1.0,0.0,6.489672819536173e-07,9.439976935124966e-10,30.395311999999997,0.004288,30.399583999999997,30.398016,30.402568,0.0,0.0,0.0,3.567888542109355e-06,0.0,0.0
sharp,sl,64,-1,True,sharp-r64-sl-i-1-rep3,18,2.701503391972288e-08,4.76837158203125e-07,0.0,1.0,1.6208625284952375e-06,2.7014375474920627e-08,-0.0004991319444444444,0.0,1.0,0.0,9.203439287865708e-11,9.203439287865708e-11,0.008864,0.004399999999999999,0.013248,0.012776,0.013616,0.0,0.0,0.0,0.0,0.0,0.0
sharp,sl,64,0,True,sharp-r64-sl-i0-rep3,18,1.4643845310602361,4.126967248975234,2.4060390209755913,1.0,87.86307188447886,1.4643845314079809,0.03796657986111111,0.0,1.0,0.0,2.955132765361163e-08,2.955132765361163e-08,0.013152,0.00424,0.017456,0.01656,0.017952,0.04080812905747226,0.07303214764855198,0.04080812905747226,0.5833333360306485,0.0,0.0
sharp,sl,64,8,True,sharp-r64-sl-i8-rep3,18,1.4275786155315433,4.692812025547028,2.3449367169296624,0.974865950066608,85.65471704843316,1.4643845314079809,0.036946614583333336,0.0,1.0,0.0,6.202379021623753e-07,3.1614526922190204e-08,0.04088,0.005008,0.04584,0.045503999999999996,0.047552000000000004,0.03976051414551534,0.07120293286783,0.03976051414551534,0.568001387098183,0.0,0.0
sharp,sl,64,32,True,sharp-r64-sl-i32-rep3,18,1.3192048991758094,4.0702086091041565,2.1707875880550502,0.9008596298742106,79.15229441746278,1.4643845314079809,0.03411458333333333,0.0,1.0,0.0,6.083349399449499e-07,2.9219540501270676e-08,0.132352,0.0041919999999999995,0.13652799999999998,0.135048,0.13768,0.03678051110580368,0.06598262454094939,0.03678051110580368,0.5244731131780096,0.0,0.0
sharp,sl,64,128,True,sharp-r64-sl-i128-rep3,18,0.9596749443191811,2.74480402469635,1.594259448045964,0.6553435590947314,57.5804982417706,1.4643845314079809,0.02488335503472222,0.0,1.0,0.0,5.958471711048628e-07,2.2132989098666034e-08,0.487152,0.004784,0.492,0.49117599999999995,0.492976,0.026980155025294744,0.048850954190086456,0.026980155025294744,0.38137249708659665,0.0,0.0
sharp,sl,64,512,True,sharp-r64-sl-i512-rep3,18,0.26860399520565703,0.7946551736786205,0.4626329835940236,0.18342453892875424,16.116243449274524,1.4643845314079809,0.006757269965277778,0.0,1.0,0.0,6.236877404297073e-07,2.183569358995838e-09,1.9079359999999999,0.004064,1.912,1.9110319999999998,1.9129919999999998,0.007857111839676922,0.014433522938274004,0.007857111839676922,0.10672728448528628,0.0,0.0
sharp,sl,64,2048,True,sharp-r64-sl-i2048-rep3,18,0.0016882350100653806,0.006188573778672435,0.003684997888718118,0.001152913859803971,0.10129855334056828,1.4643845314079809,-0.0004991319444444444,0.0,1.0,0.0,6.460244747328297e-07,9.19721644495631e-10,7.612496,0.004992,7.617503999999999,7.615336,7.619095999999999,0.0,0.0,0.0,0.0006791776488666966,0.0,0.0
sharp,sl,64,4096,True,sharp-r64-sl-i4096-rep3,18,1.8471300083449917e-05,0.0001697540283203125,2.7889433965998455e-05,1.2601457812023634e-05,0.0011072027935870603,1.4643845314079809,-0.0004991319444444444,0.0,1.0,0.0,6.482552722979825e-07,9.600956424218385e-10,15.210415999999999,0.0042239999999999995,15.214656,15.210856,15.216719999999999,0.0,0.0,0.0,3.894270941044546e-06,0.0,0.0
sharp,sl,64,8192,True,sharp-r64-sl-i8192-rep3,18,1.8374116719129466e-05,0.00015425682067871094,2.516276326236719e-05,1.2532736725309452e-05,0.0011011647478051125,1.4643845314079809,-0.0004991319444444444,0.0,1.0,0.0,6.489672819536173e-07,9.439976935124966e-10,30.399696,0.00424,30.404032,30.400208,30.405896,0.0,0.0,0.0,3.567888542109355e-06,0.0,0.0
sharp,maccormack,64,-1,True,sharp-r64-maccormack-i-1-rep1,18,2.701503391972288e-08,4.76837158203125e-07,0.0,1.0,1.6208625284952375e-06,2.7014375474920627e-08,0.000543975830078125,0.0,1.0,0.0,9.203439287865708e-11,9.203439287865708e-11,0.008927999999999998,0.013552,0.022912,0.021759999999999998,0.02332,0.0,0.0,0.0,0.0,0.0,0.0
sharp,maccormack,64,0,True,sharp-r64-maccormack-i0-rep1,18,1.4643845310602361,4.126967248975234,2.4060390209755913,1.0,87.86307188447886,1.4643845314079809,0.02570501168568929,0.0,1.0,0.0,2.955132765361163e-08,2.955132765361163e-08,0.012719999999999999,0.013023999999999999,0.025679999999999998,0.025048,0.026896,0.026483844919598976,0.04703035628302234,0.026483844919598976,0.5833333360306485,0.0,0.0
sharp,maccormack,64,8,True,sharp-r64-maccormack-i8-rep1,18,1.4275786155315433,4.692812025547028,2.3449367169296624,0.974865950066608,85.65471704843316,1.4643845314079809,0.025011428197224937,0.0,1.0,0.0,6.202379021623753e-07,3.1614526922190204e-08,0.04208,0.014496,0.056256,0.055656,0.057088,0.02576939902974668,0.045757330155024444,0.02576939902974668,0.568001387098183,0.0,0.0
sharp,maccormack,64,32,True,sharp-r64-maccormack-i32-rep1,18,1.3192048991758094,4.0702086091041565,2.1707875880550502,0.9008596298742106,79.15229441746278,1.4643845314079809,0.02306334177652995,0.0,1.0,0.0,6.083349399449499e-07,2.9219540501270676e-08,0.131728,0.012928,0.144528,0.144048,0.145432,0.02374737956283106,0.042173544288466557,0.02374737956283106,0.5244731131780096,0.0,0.0
sharp,maccormack,64,128,True,sharp-r64-maccormack-i128-rep1,18,0.9596749443191811,2.74480402469635,1.594259448045964,0.6553435590947314,57.5804982417706,1.4643845314079809,0.016844399770100913,0.0,1.0,0.0,5.958471711048628e-07,2.2132989098666034e-08,0.48744,0.01336,0.500704,0.5003679999999999,0.501552,0.01721141004619459,0.03070904418992341,0.01721141004619459,0.38137249708659665,0.0,0.0
sharp,maccormack,64,512,True,sharp-r64-maccormack-i512-rep1,18,0.26860399520565703,0.7946551736786205,0.4626329835940236,0.18342453892875424,16.116243449274524,1.4643845314079809,0.005102247662014432,0.0,1.0,0.0,6.236877404297073e-07,2.183569358995838e-09,1.9092319999999998,0.012847999999999998,1.922032,1.921544,1.9228399999999999,0.0048831072998434194,0.008838993649565263,0.0048831072998434194,0.10672728448528628,0.0,0.0
sharp,maccormack,64,2048,True,sharp-r64-maccormack-i2048-rep1,18,0.0016882350100653806,0.006188573778672435,0.003684997888718118,0.001152913859803971,0.10129855334056828,1.4643845314079809,0.0005518966250949435,0.0,1.0,0.0,6.460244747328297e-07,9.19721644495631e-10,7.612752,0.013503999999999999,7.626112,7.6242,7.627648,8.001213600355912e-06,8.436845764827159e-05,8.001213600355912e-06,0.0006791776488666966,0.0,0.0
sharp,maccormack,64,4096,True,sharp-r64-maccormack-i4096-rep1,18,1.8471300083449917e-05,0.0001697540283203125,2.7889433965998455e-05,1.2601457812023634e-05,0.0011072027935870603,1.4643845314079809,0.000543975830078125,0.0,1.0,0.0,6.482552722979825e-07,9.600956424218385e-10,15.208416,0.0144,15.222576,15.220424,15.225519999999998,0.0,0.0,0.0,3.894270941044546e-06,0.0,0.0
sharp,maccormack,64,8192,True,sharp-r64-maccormack-i8192-rep1,18,1.8374116719129466e-05,0.00015425682067871094,2.516276326236719e-05,1.2532736725309452e-05,0.0011011647478051125,1.4643845314079809,0.000543975830078125,0.0,1.0,0.0,6.489672819536173e-07,9.439976935124966e-10,30.394239999999996,0.012992,30.407247999999996,30.404128,30.409591999999996,0.0,0.0,0.0,3.567888542109355e-06,0.0,0.0
sharp,maccormack,64,-1,True,sharp-r64-maccormack-i-1-rep2,18,2.701503391972288e-08,4.76837158203125e-07,0.0,1.0,1.6208625284952375e-06,2.7014375474920627e-08,0.000543975830078125,0.0,1.0,0.0,9.203439287865708e-11,9.203439287865708e-11,0.009056,0.013375999999999999,0.022384,0.022016,0.023191999999999997,0.0,0.0,0.0,0.0,0.0,0.0
sharp,maccormack,64,0,True,sharp-r64-maccormack-i0-rep2,18,1.4643845310602361,4.126967248975234,2.4060390209755913,1.0,87.86307188447886,1.4643845314079809,0.02570501168568929,0.0,1.0,0.0,2.955132765361163e-08,2.955132765361163e-08,0.012688,0.013087999999999999,0.026192,0.025408,0.026656,0.026483844919598976,0.04703035628302234,0.026483844919598976,0.5833333360306485,0.0,0.0
sharp,maccormack,64,8,True,sharp-r64-maccormack-i8-rep2,18,1.4275786155315433,4.692812025547028,2.3449367169296624,0.974865950066608,85.65471704843316,1.4643845314079809,0.025011428197224937,0.0,1.0,0.0,6.202379021623753e-07,3.1614526922190204e-08,0.04166399999999999,0.013888,0.05552,0.055032,0.05692,0.02576939902974668,0.045757330155024444,0.02576939902974668,0.568001387098183,0.0,0.0
sharp,maccormack,64,32,True,sharp-r64-maccormack-i32-rep2,18,1.3192048991758094,4.0702086091041565,2.1707875880550502,0.9008596298742106,79.15229441746278,1.4643845314079809,0.02306334177652995,0.0,1.0,0.0,6.083349399449499e-07,2.9219540501270676e-08,0.131712,0.013055999999999998,0.144816,0.144248,0.145808,0.02374737956283106,0.042173544288466557,0.02374737956283106,0.5244731131780096,0.0,0.0
sharp,maccormack,64,128,True,sharp-r64-maccormack-i128-rep2,18,0.9596749443191811,2.74480402469635,1.594259448045964,0.6553435590947314,57.5804982417706,1.4643845314079809,0.016844399770100913,0.0,1.0,0.0,5.958471711048628e-07,2.2132989098666034e-08,0.488096,0.013631999999999998,0.5017119999999999,0.49995199999999995,0.502408,0.01721141004619459,0.03070904418992341,0.01721141004619459,0.38137249708659665,0.0,0.0
sharp,maccormack,64,512,True,sharp-r64-maccormack-i512-rep2,18,0.26860399520565703,0.7946551736786205,0.4626329835940236,0.18342453892875424,16.116243449274524,1.4643845314079809,0.005102247662014432,0.0,1.0,0.0,6.236877404297073e-07,2.183569358995838e-09,1.907248,0.012816,1.920112,1.918976,1.9214719999999998,0.0048831072998434194,0.008838993649565263,0.0048831072998434194,0.10672728448528628,0.0,0.0
sharp,maccormack,64,2048,True,sharp-r64-maccormack-i2048-rep2,18,0.0016882350100653806,0.006188573778672435,0.003684997888718118,0.001152913859803971,0.10129855334056828,1.4643845314079809,0.0005518966250949435,0.0,1.0,0.0,6.460244747328297e-07,9.19721644495631e-10,7.6092319999999996,0.013663999999999999,7.623504,7.621328,7.62484,8.001213600355912e-06,8.436845764827159e-05,8.001213600355912e-06,0.0006791776488666966,0.0,0.0
sharp,maccormack,64,4096,True,sharp-r64-maccormack-i4096-rep2,18,1.8471300083449917e-05,0.0001697540283203125,2.7889433965998455e-05,1.2601457812023634e-05,0.0011072027935870603,1.4643845314079809,0.000543975830078125,0.0,1.0,0.0,6.482552722979825e-07,9.600956424218385e-10,15.205888,0.014336,15.220544,15.217839999999999,15.223199999999999,0.0,0.0,0.0,3.894270941044546e-06,0.0,0.0
sharp,maccormack,64,8192,True,sharp-r64-maccormack-i8192-rep2,18,1.8374116719129466e-05,0.00015425682067871094,2.516276326236719e-05,1.2532736725309452e-05,0.0011011647478051125,1.4643845314079809,0.000543975830078125,0.0,1.0,0.0,6.489672819536173e-07,9.439976935124966e-10,30.400799999999997,0.01304,30.413936,30.411023999999998,30.418256,0.0,0.0,0.0,3.567888542109355e-06,0.0,0.0
sharp,maccormack,64,-1,True,sharp-r64-maccormack-i-1-rep3,18,2.701503391972288e-08,4.76837158203125e-07,0.0,1.0,1.6208625284952375e-06,2.7014375474920627e-08,0.000543975830078125,0.0,1.0,0.0,9.203439287865708e-11,9.203439287865708e-11,0.00936,0.013824,0.023168,0.02196,0.023743999999999998,0.0,0.0,0.0,0.0,0.0,0.0
sharp,maccormack,64,0,True,sharp-r64-maccormack-i0-rep3,18,1.4643845310602361,4.126967248975234,2.4060390209755913,1.0,87.86307188447886,1.4643845314079809,0.02570501168568929,0.0,1.0,0.0,2.955132765361163e-08,2.955132765361163e-08,0.012992,0.013135999999999998,0.0264,0.025415999999999998,0.026799999999999997,0.026483844919598976,0.04703035628302234,0.026483844919598976,0.5833333360306485,0.0,0.0
sharp,maccormack,64,8,True,sharp-r64-maccormack-i8-rep3,18,1.4275786155315433,4.692812025547028,2.3449367169296624,0.974865950066608,85.65471704843316,1.4643845314079809,0.025011428197224937,0.0,1.0,0.0,6.202379021623753e-07,3.1614526922190204e-08,0.041296,0.013696,0.054784,0.054304,0.056576,0.02576939902974668,0.045757330155024444,0.02576939902974668,0.568001387098183,0.0,0.0
sharp,maccormack,64,32,True,sharp-r64-maccormack-i32-rep3,18,1.3192048991758094,4.0702086091041565,2.1707875880550502,0.9008596298742106,79.15229441746278,1.4643845314079809,0.02306334177652995,0.0,1.0,0.0,6.083349399449499e-07,2.9219540501270676e-08,0.131616,0.012896,0.144528,0.143816,0.145336,0.02374737956283106,0.042173544288466557,0.02374737956283106,0.5244731131780096,0.0,0.0
sharp,maccormack,64,128,True,sharp-r64-maccormack-i128-rep3,18,0.9596749443191811,2.74480402469635,1.594259448045964,0.6553435590947314,57.5804982417706,1.4643845314079809,0.016844399770100913,0.0,1.0,0.0,5.958471711048628e-07,2.2132989098666034e-08,0.486912,0.013631999999999998,0.500432,0.499976,0.5016799999999999,0.01721141004619459,0.03070904418992341,0.01721141004619459,0.38137249708659665,0.0,0.0
sharp,maccormack,64,512,True,sharp-r64-maccormack-i512-rep3,18,0.26860399520565703,0.7946551736786205,0.4626329835940236,0.18342453892875424,16.116243449274524,1.4643845314079809,0.005102247662014432,0.0,1.0,0.0,6.236877404297073e-07,2.183569358995838e-09,1.9076,0.012832,1.920448,1.9196959999999998,1.92144,0.0048831072998434194,0.008838993649565263,0.0048831072998434194,0.10672728448528628,0.0,0.0
sharp,maccormack,64,2048,True,sharp-r64-maccormack-i2048-rep3,18,0.0016882350100653806,0.006188573778672435,0.003684997888718118,0.001152913859803971,0.10129855334056828,1.4643845314079809,0.0005518966250949435,0.0,1.0,0.0,6.460244747328297e-07,9.19721644495631e-10,7.6127839999999996,0.013503999999999999,7.626448,7.624591999999999,7.629199999999999,8.001213600355912e-06,8.436845764827159e-05,8.001213600355912e-06,0.0006791776488666966,0.0,0.0
sharp,maccormack,64,4096,True,sharp-r64-maccormack-i4096-rep3,18,1.8471300083449917e-05,0.0001697540283203125,2.7889433965998455e-05,1.2601457812023634e-05,0.0011072027935870603,1.4643845314079809,0.000543975830078125,0.0,1.0,0.0,6.482552722979825e-07,9.600956424218385e-10,15.206464,0.01432,15.221039999999999,15.219263999999999,15.222495999999998,0.0,0.0,0.0,3.894270941044546e-06,0.0,0.0
sharp,maccormack,64,8192,True,sharp-r64-maccormack-i8192-rep3,18,1.8374116719129466e-05,0.00015425682067871094,2.516276326236719e-05,1.2532736725309452e-05,0.0011011647478051125,1.4643845314079809,0.000543975830078125,0.0,1.0,0.0,6.489672819536173e-07,9.439976935124966e-10,30.396368,0.012928,30.409295999999998,30.406703999999998,30.411288,0.0,0.0,0.0,3.567888542109355e-06,0.0,0.0
