step,density_sum,density_min,density_max,density_hash_fnv1a64,kinetic_energy,rms_divergence_after
1,0.49916735291481018,0,0.49916735291481018,17086993791740786295,7.21760845534547e-12,1.484763771158628e-06
2,0.99750345945358276,0,0.99750345945358276,14200221736158520944,6.4488185624878014e-11,3.5451352555179656e-06
3,1.4950097799301147,0,1.4950097799301147,16338966431279334936,2.5611079923493207e-10,5.937385278011331e-06
4,1.9839075803756714,0,1.9839075803756714,6704724757546118494,7.0637695692710167e-10,8.5506234485267599e-06
5,2.4797712741419673,0,2.4700846672058105,9838881660078833399,1.572259988869007e-09,1.1280396166215991e-05
6,2.9747713319957256,0,2.9535560607910156,14541353755093419103,3.051722652358535e-09,1.413537092697406e-05
7,3.4554340578615665,0,3.4208688735961914,11109634183693572901,5.3753823614499652e-09,1.7074843598555828e-05
8,3.9334219954907894,0,3.8837587833404541,11458094694946752559,8.7719556063348136e-09,1.9992298560144758e-05
9,4.4085566475987434,0,4.3251724243164062,2816992676521737805,1.3528026698850226e-08,2.2944059016681383e-05
10,4.8620983362197876,0,4.7418694496154785,13349547994663176671,1.9897278491498582e-08,2.5889151980743832e-05
11,5.3336642082722392,0,5.151371955871582,14362328195549908377,2.818155664385813e-08,2.8792417585937439e-05
12,5.781266181380488,0,5.531766414642334,13986929422195074735,3.8642919975018231e-08,3.1616134715487487e-05
13,6.2246891490649432,0,5.8805880546569824,17510815725781606937,5.149993498321237e-08,3.4298058104738641e-05
14,6.6649846872314811,0,6.2206664085388184,14319073992091690094,6.6933729669926834e-08,3.6854302759335394e-05
15,7.1005688617005944,0,6.5260124206542969,4051319822764097972,8.5362067636651773e-08,3.9428373966144329e-05
16,7.5056927110708784,0,6.7951145172119141,8734829004012208756,1.0692773599885186e-07,4.2095681470991097e-05
17,7.9043542061699554,0,7.0269241333007812,14506205136905130835,1.3145685784365924e-07,4.45508686334122e-05
18,8.2989914034260437,0,7.2208585739135742,10398865988069589209,1.5912551987184997e-07,4.6748505127660315e-05
19,8.6598351448774338,0,7.3767976760864258,1563671259542479102,1.9038377274682716e-07,5.0454970934208814e-05
20,9.0122304052638356,0,7.4950704574584961,11234139249262833341,2.2467828841854498e-07,5.3179632671481577e-05
21,9.355700571264606,0,7.5764327049255371,11040518417410051993,2.6224029170407448e-07,5.5667503425557908e-05
22,9.7510621243272908,0,7.6535348892211914,9783489690284326394,3.0330093636621314e-07,5.7977769943042622e-05
23,10.138461980910506,0,7.6948027610778809,2262673577843842793,3.4755640854200465e-07,6.0278573180354167e-05
24,10.50074273138307,0,7.7017922401428223,13255533979021371580,3.9403249729730305e-07,6.2154767163653162e-05
25,10.853807341656648,0,7.6763758659362793,15466213934921355870,4.439538372480456e-07,6.4335121070540637e-05
26,11.196123919449747,0,7.620701789855957,15051305830243578393,4.9655778866508626e-07,6.6390604887106488e-05
27,11.568415690911934,0,7.5688114166259766,8061059177367625133,5.5197358506120509e-07,6.8362204524976647e-05
28,11.938294402556494,0,7.488980770111084,14373919718842342578,6.0957029290875653e-07,7.0222455322551113e-05
29,12.293092268519104,0,7.3837318420410156,5940983180845514332,6.7027713157585822e-07,7.3227150432521415e-05
30,12.676383908372372,0,7.2864570617675781,8057584565269081728,7.3278539503007778e-07,7.3043494988082828e-05
31,13.062450914865622,0,7.1661863327026367,17947496164083257078,7.990436756699637e-07,7.4403188490171929e-05
32,13.430885566907818,0,7.0256004333496094,6084706582082994726,8.6665818344044965e-07,7.5736579201963241e-05
33,13.827202043309626,0,6.8967618942260742,7116738333273274761,9.3661532218902721e-07,7.7328389756789237e-05
34,14.221228802773254,0,6.7498435974121094,4340492586150161855,1.008836420623993e-06,7.9298967862865644e-05
35,14.638990192012329,0,6.6157746315002441,1208158154310703884,1.0842087476703455e-06,8.1501080757621027e-05
36,15.077140501234961,0,6.493431568145752,4084935093582270766,1.1633496797003318e-06,8.4120068113912122e-05
37,15.434664628135103,0,6.3545160293579102,5982561555130125335,1.2429128446456161e-06,8.6095551522356506e-05
38,15.800969234872809,0,6.2282915115356445,1300713306627608563,1.3240888847576571e-06,8.890307508846836e-05
39,16.186749868959552,0,6.1135983467102051,5152072492762961345,1.4100594398769317e-06,9.1978517999801357e-05
40,16.587939461356513,0,5.9835925102233887,3935237494951674611,1.4965319223847473e-06,9.4386909780092069e-05
41,17.010143034211978,0,5.8659710884094238,3444007411558188805,1.5861814972595312e-06,9.7117812514681091e-05
42,17.442992184395621,0,5.9015016555786133,5033682337237730136,1.6779246152509586e-06,9.9892610112057635e-05
43,17.912418667221345,0,5.9321670532226562,13936727449026947476,1.7728054899635026e-06,0.0001028060560600153
44,18.31700622185781,0,5.9493260383605957,1194580551974309147,1.8712156588662765e-06,0.00010600283478761857
45,18.731872946248814,0,5.9547524452209473,2493188813641266374,1.9727135622815695e-06,0.00010899948341629178
46,19.153185686763436,0,5.949986457824707,9421326960733566152,2.0766758552781539e-06,0.00010935131630405932
47,19.602831805334063,0,5.9370913505554199,2730114728124623049,2.1831258436577627e-06,0.00011095728019050762
48,20.045451938464794,0,5.9177761077880859,11856272418159338925,2.2919209641258931e-06,0.00011293962739156606
49,20.502377042968419,0,5.8902316093444824,2521127912092525897,2.4058342660282506e-06,0.00011775168365323105
50,20.997927906521909,0,5.8568615913391113,3906674948214511734,2.5227759579138365e-06,0.00012173957234655904
51,21.446218769766347,0,5.8185176849365234,14146380558431235930,2.6441291538503719e-06,0.00012566327966152712
52,21.916782160170982,0,5.7774486541748047,13147732429132578949,2.7702271836460568e-06,0.00012975452021740251
53,22.418949221445871,0,5.7348012924194336,16526228731755132237,2.8991742055950454e-06,0.00013369224829030675
54,22.9497309458106,0,5.6934399604797363,2189180264586548432,3.0324954423122108e-06,0.00013809470709371204
55,23.499722016231622,0,5.6545042991638184,14839774710762483830,3.1679835501563502e-06,0.00013867280326069616
56,24.070031236541237,0,5.6179733276367188,3459706306809246580,3.3078370051953243e-06,0.00014117057810444323
57,24.57622685930583,0,5.5837979316711426,16204431997243362667,3.4531215078459354e-06,0.00014561930730048659
58,25.099766734572796,0,5.5519084930419922,551250059595639847,3.5999667034047889e-06,0.00014667374569341592
59,25.629561084138448,0,5.522221565246582,10039339104609429095,3.752192469619331e-06,0.00014986317024214135
60,26.163660430434113,0,5.494117259979248,15768631776875392006,3.9093915802368429e-06,0.00015323608805773096
61,26.727161270576104,0,5.4681506156921387,4149905428462658289,4.0717000047152396e-06,0.0001574990679340258
62,27.288902135333331,0,5.4441947937011719,3941632119517514286,4.2395245145598892e-06,0.00016145485650388396
63,27.822557203045641,0,5.4221234321594238,12329587101216739427,4.4116568460594863e-06,0.00016547794185760206
64,28.372024889009026,0,5.4018135070800781,6381546849914686237,4.5907627281849273e-06,0.00017007098901425643
65,28.950289533847595,0,5.3831462860107422,4600124270194297519,4.7764169721631333e-06,0.00017526443513622323
66,29.55143972693071,0,5.3660063743591309,17784820038438165164,4.9653990572551265e-06,0.00017954721699088143
67,30.196007950207218,0,5.3502840995788574,18226386749382347836,5.1578804232121911e-06,0.00018143886882348431
68,30.861312302870516,0,5.3358745574951172,3484320053518947450,5.3567077884508763e-06,0.00018577403340308869
69,31.477258756507084,0,5.3226790428161621,17335896493950010289,5.5643072300881613e-06,0.00018919194040422296
70,32.128240422362012,0,5.3133730888366699,200304376097489677,5.7769952945818659e-06,0.00019343835980983374
71,32.798025725149358,0,5.3040604591369629,7031853100349374852,5.9962758314213715e-06,0.00019754675258261748
72,33.498040614337015,0,5.2944560050964355,11027532912925789012,6.2183712543628644e-06,0.00019906288958428003
73,34.214180887024384,0,5.2847843170166016,5311253664389149200,6.4488954194530379e-06,0.00020278987586082003
74,34.899202984470442,0,5.27520751953125,13262536643818209635,6.6849602262664121e-06,0.00020755382334327406
75,35.601967498445759,0,5.2658467292785645,9667992571983860972,6.931896223250078e-06,0.00021460008990671403
76,36.340183745713816,0,5.2571086883544922,1519451704258181401,7.180967259046156e-06,0.00021701524847815416
77,37.107547739586948,0,5.2506775856018066,12050655877244275778,7.4382469392730854e-06,0.00022165044862472265
78,37.829034353781935,0,5.2476134300231934,9640203832843105165,7.7039230745867826e-06,0.00022774121254481183
79,38.51927442001336,0,5.2472248077392578,78551195235472983,7.9786168498685583e-06,0.00023408154012138175
80,39.236375999407002,0,5.2489356994628906,5170643221040567018,8.2644273788901046e-06,0.00024082560979715904
81,39.967142812652625,0,5.2522702217102051,6464243731033294246,8.5611545728170313e-06,0.00024801400297222469
82,40.759883316600316,0,5.256833553314209,9043683111422626766,8.8578708528075367e-06,0.00025060871953163982
83,41.518641728653108,0,5.262300968170166,4703897988790463774,9.1638312369468622e-06,0.00025650265907473211
84,42.288920521711631,0,5.2684078216552734,15337063845765726242,9.4799925136612728e-06,0.00026479211662181634
85,43.092752527122101,0,5.2749385833740234,2382439152932849707,9.8032869573216885e-06,0.00026735648630769795
86,43.93397841387241,0,5.2817182540893555,13778769706910843316,1.0136182936548721e-05,0.0002726206727232205
87,44.700855788708701,0,5.2886080741882324,15108238426648095369,1.0474755072209518e-05,0.00027478527339191516
88,45.500784193174113,0,5.295496940612793,897020013731820761,1.0820089300977997e-05,0.00027806647060993361
89,46.326759045698701,0,5.3022975921630859,680820409081446145,1.1177399755979422e-05,0.00028369126072640225
90,47.187479030436116,0,5.3089442253112793,6097716793426216118,1.1543645996425766e-05,0.00028998479924651898
91,48.080046222195676,0,5.3153858184814453,13379353361153904472,1.1917672964045778e-05,0.00029323495917573549
92,48.939066613221243,0,5.3215856552124023,7289155401422495294,1.2301942660997156e-05,0.00029870620193157995
93,49.756856326820923,0,5.3275175094604492,5275464997619102102,1.2692847121797968e-05,0.00030480666114676724
94,50.617602335619438,0,5.3331656455993652,2001843787169883501,1.309986510023009e-05,0.0003125464336762642
95,51.510372403365047,0,5.3385195732116699,2762985961482178402,1.3509898963093292e-05,0.00031658322394351429
96,52.358620590594064,0,5.3435754776000977,9147157914512952234,1.393049842590699e-05,0.00032308954871994208
97,53.228294858596364,0,5.3483338356018066,10275658733314145113,1.4366849427460693e-05,0.00033081286654740083
98,54.14812358090731,0,5.3527998924255371,5498714167275489973,1.4818032468610909e-05,0.00033989603950032447
99,55.104673510499808,0,5.3569803237915039,3685305222235026924,1.5281100786523893e-05,0.00034620725667685128
100,56.03255640466358,0,5.3608846664428711,11604925305811944074,1.5746803910587914e-05,0.00035048080540587076
101,56.949632821787986,0,5.3645234107971191,18187305683696572416,1.6221334590227343e-05,0.00035666311789974645
102,57.902248190178277,0,5.3679080009460449,16805512801873665428,1.67152193171205e-05,0.0003661174828771777
103,58.900007234921873,0,5.3710508346557617,15892822627965643388,1.7210497389896773e-05,0.00036852076420099106
104,59.851187513027867,0,5.373964786529541,15189126208402879324,1.7721713447826914e-05,0.00037551164626318314
105,60.800079832129619,0,5.3766622543334961,7789640849698970872,1.8245838873554021e-05,0.00038320882566548114
106,61.790755445757114,0,5.3791570663452148,14967024935550173227,1.8774109776131809e-05,0.00038772447120243725
107,62.827699821829405,0,5.3814611434936523,17996326345763346467,1.9308316041133367e-05,0.00039198291206595616
108,63.808643376756152,0,5.3835864067077637,10501934525139111477,1.985908966162242e-05,0.00040050757269447689
109,64.797138685637563,0,5.3855452537536621,12096998220472456996,2.0431705706869252e-05,0.00041047900905181756
110,65.839958221874923,0,5.3873491287231445,12407346844421154116,2.1021955035394058e-05,0.00042151015785254928
111,66.86144696921626,0,5.3890089988708496,1824690867892337802,2.1600588297587819e-05,0.00042144621412577225
112,67.941403363338267,0,5.3905348777770996,15328699481121860236,2.2200514649739489e-05,0.00042749875670432155
113,68.985594031387635,0,5.3919367790222168,13548295319437285798,2.2814510884927586e-05,0.00043546933197855333
114,70.074510929054469,0,5.3932232856750488,486296154458743455,2.343111191294156e-05,0.00044120664159783072
115,71.120842172621153,0,5.3944039344787598,13294989795557216890,2.4068694983725436e-05,0.00044927471409101537
116,72.176780988702248,0,5.3954868316650391,12448561666928585816,2.4722559828660451e-05,0.00045953775636725294
117,73.269134654259531,0,5.3964786529541016,3578862648027280348,2.5388830181327648e-05,0.00046830637706897385
118,74.340927813031001,0,5.3973875045776367,5343319824804444141,2.6052517569041811e-05,0.0004687767646705882
119,75.448599877020712,0,5.3982195854187012,3020967238211731096,2.6737123334896751e-05,0.00047634104908324769
120,76.54138599105147,0,5.3989806175231934,6691641528638949053,2.7447160391602665e-05,0.00048737096500025651
121,77.625842644191252,0,5.3996767997741699,190651831851824859,2.8180311346659437e-05,0.00050309486764076104
122,78.787795236662248,0,5.4003138542175293,7435841639122577380,2.890377254516352e-05,0.00050717712373173193
123,79.915095140684045,0,5.4008960723876953,9936605628760403,2.963956467283424e-05,0.00051297750540678182
124,81.077797835951998,0,5.40142822265625,7554721311856328569,3.0400733521673828e-05,0.0005212131153010186
125,82.207167579746113,0,5.401914119720459,9652078250847570720,3.1160445360001177e-05,0.00052743101731958183
126,83.306545407605739,0,5.4023575782775879,15056602361606873080,3.1948653486324474e-05,0.00053658965510423428
127,84.437162489171442,0,5.4027624130249023,6774793761704590221,3.2751548133092001e-05,0.00054964842588793301
128,85.607920946162608,0,5.4031319618225098,13304219177560561513,3.3546642953297123e-05,0.00055431081388856236
129,86.791193363976078,0,5.4034695625305176,7613306596856873397,3.4363420127192512e-05,0.00056299408753086085
130,87.940903332282687,0,5.4037775993347168,298151747221244808,3.5210381611250341e-05,0.00057222242128880728
131,89.119908747915019,0,5.4040584564208984,10654788369609540704,3.6045243177795783e-05,0.00057677534557519473
132,90.30699410030617,0,5.4043145179748535,15767567459424666718,3.6901918065268546e-05,0.0005839734463381534
133,91.540664271512497,0,5.4045476913452148,5572439413542866475,3.7780384445795789e-05,0.00059543549697521278
134,92.760765015872892,0,5.4047603607177734,457739835771527962,3.8659909478155896e-05,0.00059884586974139954
135,93.91462660222696,0,5.4049539566040039,2011210689054985143,3.9567672502016649e-05,0.00060990100860628988
136,95.113309980952721,0,5.4051303863525391,804901694874271546,4.0499377064406872e-05,0.00062112231488378451
137,96.290742596948945,0,5.4052910804748535,11933492403618359872,4.14337519032415e-05,0.00063034305853956274
138,97.543724706856665,0,5.4054379463195801,2110280400316109948,4.2371240851934999e-05,0.00063759872783053712
139,98.799236034232123,0,5.405571460723877,4542478073215102131,4.3339663534425199e-05,0.00064848273535021944
140,99.995618304643443,0,5.4056930541992188,9007090987709924788,4.4340697058942169e-05,0.00065917781019247034
141,101.26361946775849,0,5.4058036804199219,3032619070790635694,4.532251477940008e-05,0.00066663105247188642
142,102.54216508968265,0,5.4059042930603027,16694590584763888742,4.6341694542206824e-05,0.00067723310447150194
143,103.83880252250874,0,5.4059963226318359,4176245071020248600,4.7363315388793126e-05,0.00068490518539137399
144,105.10397707412031,0,5.4060792922973633,7892603329851633632,4.8408135626232252e-05,0.00069154828508143247
145,106.41900393500296,0,5.4061551094055176,9902617224569105721,4.9470494559500366e-05,0.00069944607876646606
146,107.69995703359432,0,5.406224250793457,18030118261546654615,5.0554845074657351e-05,0.00071386058161752451
147,109.05394411653212,0,5.406287670135498,4318392948970490703,5.1638711738632992e-05,0.00072448992374701186
148,110.37550950565625,0,5.4063453674316406,16307638566633007016,5.2752726332983002e-05,0.00073561362548229896
149,111.70152156303129,0,5.4063973426818848,14242367185317059476,5.3838994062971324e-05,0.00073718685381307246
150,113.0128881296182,0,5.4064445495605469,9481388018670599723,5.4962049034656957e-05,0.00074830803624025834
151,114.36300853991315,0,5.4064874649047852,1395811473866371307,5.6116507039405406e-05,0.00076072759678958303
152,115.67657627846148,0,5.4065265655517578,11944200495063375721,5.7286997616756707e-05,0.00077403971421673146
153,116.99821347050181,0,5.406562328338623,889076138856330123,5.8477784477872774e-05,0.00078312058334622636
154,118.28813472787341,0,5.4065947532653809,6115754632772561921,5.9659512771759182e-05,0.00079061739809806306
155,119.68706332025747,0,5.4066243171691895,16108016884351854327,6.0856487834826112e-05,0.00080015569785841394
156,121.08752595024561,0,5.4066510200500488,10552329767193709229,6.2097751651890576e-05,0.00081794051742639466
157,122.45065144437881,0,5.4066753387451172,161228879351198598,6.3303567003458738e-05,0.00082546606615665423
158,123.81648703137249,0,5.4066972732543945,3185987678043052259,6.4530977397225797e-05,0.00082915075062744645
159,125.24206246849366,0,5.4067173004150391,710405311506077510,6.5810090745799243e-05,0.00084432828643378629
160,126.57880187561376,0,5.406735897064209,7982197597236768481,6.7108987423125654e-05,0.00085859760685497405
161,127.90508423364787,0,5.4067525863647461,8636414319178789175,6.8425244535319507e-05,0.00086699636989624078
162,129.26098314013876,0,5.4067678451538086,1053683648815693797,6.973771087359637e-05,0.0008726582163156452
163,130.68728956844828,0,5.4067816734313965,5055334885015921583,7.1063666837289929e-05,0.00088190987291244594
164,132.1052132428089,0,5.4067940711975098,12531795470219921472,7.2432048909831792e-05,0.00089896660297692161
165,133.52989331730612,0,5.4068055152893066,15433377544919783976,7.3760726081673056e-05,0.00090765483364997168
166,134.95610534031769,0,5.4068160057067871,17140099372915311361,7.5123884016647935e-05,0.00091411760194173191
167,136.44157765536005,0,5.4068255424499512,5177338499240183335,7.648658356629312e-05,0.0009228068025443582
168,137.84192621200947,0,5.4068341255187988,14311266693231519758,7.791054667904973e-05,0.00094027820165723162
169,139.28335606589616,0,5.4068422317504883,16996938991456955919,7.9359284427482635e-05,0.00095335674958977722
170,140.68644448834095,0,5.4068493843078613,16146229516574848849,8.0796657130122185e-05,0.00096004631269392695
171,142.16601939699507,0,5.4068560600280762,17991804722674044806,8.225416240748018e-05,0.00096762103224880226
172,143.59607453418064,0,5.4068622589111328,7408505490044162016,8.3767066826112568e-05,0.00098717563207257599
173,145.10394355452658,0,5.406867504119873,14079402268191467461,8.5237777966540307e-05,0.00099821961274181546
174,146.64543774511367,0,5.4068722724914551,14737287702341292823,8.6747109889984131e-05,0.001005007134827373
175,148.1306803042506,0,5.4068770408630371,5802866424626739219,8.8278517068829387e-05,0.0010189217914642168
176,149.65463589591064,0,5.4068813323974609,12027809127831734051,8.982706640381366e-05,0.0010315158264360695
177,151.06019989009954,0,5.4068851470947266,4857004132757561765,9.1389098088257015e-05,0.0010460164054968677
178,152.58757741208996,0,5.406888484954834,12077163617087957482,9.2941001639701426e-05,0.0010487739806460021
179,154.13992032256451,0,5.4068913459777832,7210664275230635257,9.4560789875686169e-05,0.0010647839940194611
180,155.65928915329769,0,5.4068942070007324,18019528672221421767,9.6135656349360943e-05,0.0010754405388288073
181,157.20288158629413,0,5.4068965911865234,11349565840124739430,9.7797470516525209e-05,0.0010986390212996198
182,158.68977263430793,0,5.4068989753723145,11040258152853633298,9.9438962934073061e-05,0.0011046258770079918
183,160.22590749021597,0,5.4069008827209473,4224682988587689728,0.00010114645556313917,0.0011218517632329711
184,161.73694620068292,0,5.4069027900695801,277729618718944013,0.00010288543126080185,0.0011381460706267885
185,163.30022921010169,0,5.4069046974182129,7597430013171696417,0.00010456877498654649,0.0011432344646147409
186,164.91470275086186,0,5.4069061279296875,11039064310549953759,0.00010630124597810209,0.0011594815421993123
187,166.5178320418469,0,5.4069075584411621,16898554403478777326,0.0001080674774129875,0.0011759487845362151
188,168.08036334490507,0,5.4069089889526367,2310467009785415374,0.00010983379615936428,0.0011940127648589829
189,169.69752863518679,0,5.4069104194641113,9582535862781489482,0.00011157794506289065,0.0011992911923523072
190,171.27287277187952,0,5.4069113731384277,3135504334784831203,0.00011340899072820321,0.0012194042168353874
191,172.86580784157772,0,5.4069123268127441,903738826561092526,0.00011526793969096616,0.0012386252026672954
192,174.44116654681611,0,5.4069132804870605,15031430428991105506,0.00011708150123013183,0.0012517444056865401
193,176.07059006298564,0,5.406914234161377,17381009131175727704,0.00011895965144503862,0.0012718465415565529
194,177.72264622078768,0,5.4069151878356934,18077126324393476616,0.00012079330917913467,0.0012830489133464308
195,179.31860148876692,0,5.4069161415100098,9301126885066638220,0.00012269291619304568,0.0013042965497624803
196,180.9351268803824,0,5.406916618347168,8500147633591774833,0.00012457548291422427,0.0013149430275539913
197,182.56593766451829,0,5.4069170951843262,9525007423196402343,0.00012653344310820103,0.0013383083652295834
198,184.14367838002266,0,5.4069175720214844,9013216511849029620,0.00012845252058468759,0.0013582935995887903
199,185.7496214938281,0,5.4069180488586426,3663375669199363748,0.00013039297482464463,0.0013781904699422709
200,187.37593689359502,0,5.4069185256958008,3029034256410129835,0.00013244067667983472,0.0014049802754717655
201,188.99683364393994,0,5.406919002532959,5734826591778796587,0.00013442667841445655,0.0014225449463095205
202,190.64130979921052,0,5.406919002532959,14606446826577281412,0.00013647018931806087,0.0014491383278583863
203,192.26655877351351,0,5.406919002532959,14032840069983362390,0.00013848811795469373,0.0014681378593752686
204,193.95859455584628,0,5.406919002532959,333382800310037785,0.00014054690836928785,0.0014954749831730893
205,195.59761320447845,0,5.406919002532959,3948685630649244852,0.00014259935414884239,0.0015232034413731948
206,197.26777658129282,0,5.406919002532959,988443843055252485,0.0001447123649995774,0.0015546032214279579
207,198.97344816964065,0,5.406919002532959,699686527814462299,0.00014685995120089501,0.0015839814118801952
208,200.66939997521754,0,5.406919002532959,15723435232496618797,0.00014898247900418937,0.0016148445012010995
209,202.29515331336754,0,5.406919002532959,1921371230451715704,0.00015112348773982376,0.0016497034486929346
210,203.95347142656601,0,5.406919002532959,4284376731210396836,0.0001533361355541274,0.0016839556057313015
211,205.65842019397257,0,5.406919002532959,13454046791888467056,0.00015549002273473889,0.001717541232165882
212,207.35967197322196,0,5.406919002532959,17512855484942607408,0.00015771586913615465,0.0017555376333720939
213,209.03142497831254,0,5.406919002532959,4256884731546143300,0.00016005201905500144,0.0017936604142353076
214,210.7666298711745,0,5.406919002532959,4322239491718331128,0.00016232927737291902,0.0018269192915913073
215,212.50836167028137,0,5.406919002532959,10082606532307197562,0.00016467369277961552,0.0018667896434321986
216,214.20205955564936,0,5.406919002532959,16050888221745046978,0.00016703855362720788,0.0019013989158254874
217,215.91374871967761,0,5.406919002532959,10376501802182858756,0.00016948913980741054,0.0019375782568696904
218,217.57947805404393,0,5.406919002532959,14715569169132792904,0.00017190621292684227,0.0019668366946725335
219,219.1734903970862,0,5.406919002532959,14716237555266026423,0.00017439734074287117,0.001992278032175649
220,220.70291835128782,0,5.406919002532959,11806972139504021384,0.00017683254554867744,0.0020092798707898054
221,222.11379658339524,0,5.406919002532959,8467667872543893478,0.00017922904225997627,0.002018692460491829
222,223.31589897920034,0,5.406919002532959,3070891843609618682,0.00018159007595386356,0.0020159391562641718
223,224.34361482528439,0,5.406919002532959,12311840429759053639,0.00018381314293947071,0.0020051411296836716
224,225.11533531048295,0,5.406919002532959,6390271335151622161,0.00018586927035357803,0.0019806986751490611
225,225.63513389590045,0,5.406919002532959,15082785606708756610,0.00018772282055579126,0.001942218388079661
226,225.85956313314901,0,5.406919002532959,8379490384501365846,0.00018926826305687428,0.0018917540571447237
227,225.99450486165108,0,5.406919002532959,6866343773505180948,0.00019044720102101564,0.0018234710557933041
228,225.83258726751671,0,5.406919002532959,6915308740779819182,0.00019140681251883507,0.0017668627441524227
229,225.54106970259366,0,5.406919002532959,11833305137009705700,0.00019201739632990211,0.0016972449131426616
230,225.0239435264379,0,5.406919002532959,12375960078013550280,0.00019238716049585491,0.0016280509694328411
231,224.39679073613542,0,5.406919002532959,13303941423045262720,0.00019250795594416559,0.0015600539282104413
232,223.66989247688093,0,5.406919002532959,8050753839586703573,0.0001924187527038157,0.0014976692271365295
233,222.83042257393024,0,5.406919002532959,9068859505521625041,0.00019224442075937986,0.0014471386357247566
234,221.90532025125219,0,5.406919002532959,12528525401181351288,0.00019188941223546863,0.0013922723974830766
235,220.96576668343383,0,5.406919002532959,8920996303781550294,0.00019144458929076791,0.0013416231847814227
236,219.98739883124333,0,5.406919002532959,6992510538669600820,0.00019093896844424307,0.0012954057457487224
237,218.90874599439059,0,5.406919002532959,11063005095034690066,0.00019035670266021043,0.0012533234526646486
238,217.76574088000197,0,5.406919002532959,12746169314872243461,0.00018970308883581311,0.0012123367894651678
239,216.64404153766486,0,5.406919002532959,4328079903805729195,0.00018895401444751769,0.0011729524368458133
240,215.52400585370967,0,5.406919002532959,12432374672126398384,0.00018819508841261268,0.0011394365877861099
241,213.86231756105201,0,5.3549466133117676,922028167302658949,0.00018741795793175697,0.001109258984960425
242,212.19745945459428,0,5.3432364463806152,64885342481619603,0.0001866305829025805,0.0010811628271407952
243,210.48569569804064,0,5.3128228187561035,1161202344616336304,0.00018581602489575744,0.0010524531188823238
244,208.77761736686824,0,5.3002414703369141,3528443610679608423,0.00018499502039048821,0.0010265200454180415
245,207.0829958951964,0,5.2834396362304688,4205813527259834242,0.00018414043006487191,0.0010014073041873599
246,205.40523375818876,0,5.2629032135009766,5735525601504500396,0.00018328560690861195,0.00097827056524774059
247,203.72939720166221,0,5.2524609565734863,16681989882321209763,0.00018242310034111142,0.00095558347935037968
248,202.02820518321823,0,5.235142707824707,17154880498085071084,0.00018154099234379828,0.00093376513993265544
249,200.34632977595663,0,5.2214374542236328,2495657638234166711,0.00018064009782392532,0.00091242469381341959
250,198.67778650696934,0,5.2097854614257812,8078565678336327636,0.00017974656657315791,0.00089199123393561932
251,197.01818313603533,0,5.1923232078552246,12466027235619631398,0.00017884973203763366,0.00087216559962349414
252,195.38279768366425,0,5.1829791069030762,17346204577787944302,0.00017796157044358552,0.000852864881368354
253,193.74974652352256,0,5.170384407043457,6905355642234148435,0.00017707509687170386,0.0008339453168725126
254,192.12902807127591,0,5.1559686660766602,17665673605896012431,0.0001761897437972948,0.00081537728408709103
255,190.50921517614645,0,5.1464571952819824,7912414605492542480,0.00017530273180454969,0.00079707920223052119
256,188.89707904673526,0,5.1329841613769531,5479536755579308419,0.0001744162873364985,0.00077903010777256474
257,187.28860522739626,0,5.1219205856323242,14170599009398449955,0.00017351920541841537,0.00076122359206722305
258,185.6846502671583,0,5.1112875938415527,5913378574738588787,0.00017261008906643838,0.00074364283620291895
259,184.09463111031596,0,5.0974917411804199,9058944208444139096,0.00017169337661471218,0.00072622095685086359
260,182.49826510913678,0,5.0888099670410156,10268255808901665511,0.00017078068049158901,0.00070897976886626795
261,180.90262413721592,0,5.0770463943481445,4288410935447333925,0.00016985851107165217,0.00069191569172155913
262,179.30086366739138,0,5.0660724639892578,12233032803931546754,0.00016892900748644024,0.00067501992578796973
263,177.70191686954294,0,5.0562038421630859,13763229572261400450,0.00016799384320620447,0.00065830724389609788
264,176.10158551891283,0,5.04339599609375,7649965531649122606,0.00016705172311048955,0.0006417475740590424
265,174.50918789616978,0,5.0349459648132324,11793420167322126582,0.00016609884914942086,0.00062532973337990248
266,172.91542482704907,0,5.0238223075866699,9342468979668903648,0.0001651335769565776,0.00060907034772577967
267,171.32344586942907,0,5.013603687286377,6553170690916402631,0.00016415285062976182,0.00059299723784757307
268,169.73447584505192,0,5.0038838386535645,15251628588421545896,0.00016316151595674455,0.00057712091960584306
269,168.15013242903876,0,4.9923801422119141,701573356170237457,0.00016214871720876545,0.00056140645119832065
270,166.56564777214663,0,4.983729362487793,11495261569996562696,0.00016112026060000062,0.00054584891017112047
271,164.98246106292549,0,4.9726991653442383,14280656832492821900,0.00016007207159418613,0.00053047879357745464
272,163.40013583971569,0,4.9635443687438965,6605423707412213501,0.00015900196740403771,0.00051530928744399909
273,161.8151895638542,0,4.9535961151123047,11262858726016826897,0.00015791383339092135,0.00050030640519916204
274,160.23166344797576,0,4.9434094429016113,8416160383797263101,0.00015680491924285889,0.00048549693708569818
275,158.64804766647225,0,4.9343328475952148,14440371710211814341,0.00015567749505862594,0.00047088026999069177
276,157.06756059751922,0,4.923487663269043,6329659347810242874,0.00015452202933374792,0.00045645347491967645
277,155.48269192958614,0,4.9150872230529785,12777786172339862390,0.00015334378986153752,0.00044219936777003789
278,153.89361674112388,0,4.9045991897583008,4968037562742644625,0.00015213993901852518,0.00042815645626490022
279,152.30437602034718,0,4.8959150314331055,3756549188852912583,0.00015091670502442867,0.00041431145279732329
280,150.71810414149149,0,4.8861479759216309,6856956416587367543,0.00014966259186621755,0.00040064390724802335
281,149.12758287191278,0,4.8768625259399414,9908354600741499431,0.0001483829109929502,0.00038717628375206913
282,147.53893818096992,0,4.8676714897155762,7745691912651738382,0.00014707383525092155,0.00037389487694573711
283,145.94715405596332,0,4.8579592704772949,3026214539230433400,0.00014573657244909555,0.00036083874144298258
284,144.35666864700627,0,4.8492588996887207,16366141662618469620,0.00014437205391004682,0.00034797822578018197
285,142.76513153820426,0,4.8392143249511719,9992462502820754028,0.00014298458700068295,0.00033536206839371129
286,141.17444880141377,0,4.8309154510498047,14391937336046720920,0.00014156488759908825,0.0003229733213993699
287,139.58108544421691,0,4.8207883834838867,1556669760341372528,0.00014011342136655003,0.00031082993031831445
288,137.98526905783939,0,4.8126735687255859,16175256385053446745,0.00013863162894267589,0.00029890984733221956
289,136.39576059589297,0,4.8029599189758301,16135329203950955802,0.00013712237705476582,0.00028721090445298374
290,134.80483188833279,0,4.7945632934570312,14059829234462343116,0.00013558285718318075,0.00027580026891710032
291,133.21254130514473,0,4.785184383392334,13419467455626879986,0.00013401171599980444,0.00026471909128240358
292,131.62607135659664,0,4.7765588760375977,1419815265856200034,0.00013241230044513941,0.00025390434127407405
293,130.03774577474928,0,4.7674880027770996,88945207400368356,0.00013079313794150949,0.00024338743475162632
294,128.45303071544006,0,4.7566461563110352,14273030549496997836,0.00012914428953081369,0.00023322490927517124
295,126.87214993987497,0,4.7438945770263672,10818016095575945136,0.00012746849097311497,0.00022352843257467464
296,125.29694123328183,0,4.729011058807373,14367995480176256525,0.0001257680996786803,0.00021424880237036072
297,123.72328145849822,0,4.7118377685546875,10998046123630988605,0.00012404617154970765,0.00020543623458341064
298,122.15659436037396,0,4.6923408508300781,9223344875605402978,0.00012230956053826958,0.00019717144418236445
299,120.5985381281601,0,4.6703672409057617,10497010788030446653,0.00012055486149620265,0.00018950776348190031
300,119.04966902741187,0,4.6459589004516602,11049825327454874519,0.00011878104123752564,0.00018258596571176286
301,117.50794308153044,0,4.6190047264099121,17833428387030019226,0.00011699604510795325,0.00017637821118145623
302,115.97782823132935,0,4.5894293785095215,18209005699069217019,0.00011519734835019335,0.00017100235501746881
303,114.46241890526174,0,4.5575060844421387,15623902390066975925,0.00011339561024215072,0.00016640035365751471
304,112.96019783328381,0,4.5230798721313477,487962967441970415,0.00011158329289173707,0.00016270814749553566
305,111.46947522236751,0,4.4864811897277832,15236990979787031045,0.00010977391502819955,0.00015991154180042218
306,109.99718421398438,0,4.4475593566894531,4427446107436821450,0.00010796356218634173,0.0001581304092639172
307,108.53768506512608,0,4.4067182540893555,6142522419105066590,0.00010614973871270195,0.00015725849941129971
308,107.09766997647317,0,4.3637752532958984,17710299036072744848,0.00010434564319439232,0.00015729917588915701
309,105.67464501867639,0,4.3193464279174805,7620396494939736229,0.00010254747030558065,0.0001580733721503515
310,104.26901343988938,0,4.2730188369750977,11424503807655920923,0.000100763987575192,0.00015950335470356063
311,102.88157392289096,0,4.2255120277404785,12344381355845944774,9.8986987723037601e-05,0.00016177452221214302
312,101.51186899258805,0,4.1769814491271973,12719647274749490909,9.7222189651802182e-05,0.00016470538667356951
313,100.1621557242559,0,4.1269516944885254,2349795430073772778,9.5475232228636742e-05,0.00016819245274191181
314,98.833127653468097,0,4.0762004852294922,16299968909783361472,9.3746137281414121e-05,0.00017254339659490865
315,97.52439022928975,0,4.0248847007751465,16491696516748033606,9.203589434036985e-05,0.00017748309643434319
316,96.237372053334127,0,3.9725093841552734,10665902840654159745,9.0344496129546314e-05,0.00018280366553809961
317,94.972344195264682,0,3.9199438095092773,6040790255328500294,8.8672793935984373e-05,0.00018834611277541606
318,93.730222505026319,0,3.8672840595245361,17250716236582248989,8.7025538960006088e-05,0.00019399078631747097
319,92.50819197282982,0,3.8145473003387451,8813099901130322953,8.5401334217749536e-05,0.00019975663254450624
320,91.30483762071637,0,3.7613551616668701,13743730488414839584,8.3806808106601238e-05,0.00020553055767636968
321,90.122684117406507,0,3.7082843780517578,1223401208116741180,8.2231650594621897e-05,0.00021147270174834415
322,88.964609377820025,0,3.6554789543151855,15385231253150540696,8.068745955824852e-05,0.00021732319396837162
323,87.825616380698889,0,3.6030275821685791,18245589857624141212,7.9173441918101162e-05,0.00022320815785115142
324,86.708180224482192,0,3.5509316921234131,4176391147542314717,7.7680473623331636e-05,0.00022912340219084098
325,85.608210823994611,0,3.4987678527832031,9079542448940871771,7.6218071626499295e-05,0.00023499764469893042
326,84.531054315077512,0,3.4471025466918945,10818879555463392649,7.478016777895391e-05,0.00024078637305735548
327,83.473198714277871,0,3.3960461616516113,3213685495416547771,7.3374874773435295e-05,0.00024655899174282466
328,82.437038953959856,0,3.3456575870513916,1158132945746007336,7.199497485999018e-05,0.00025229335867367638
329,81.420221605794026,0,3.2959160804748535,872677707767011035,7.0643756771460176e-05,0.00025786101875881873
330,80.422527646021337,0,3.2463631629943848,4946686219015105153,6.9319714384619147e-05,0.00026335787367254174
331,79.443067501803796,0,3.1975336074829102,17506660427304212784,6.8022331106476486e-05,0.000268847184690419
332,78.483445281021687,0,3.1495037078857422,2551900612273795641,6.6751577833201736e-05,0.00027427445002949687
333,77.542654167627731,0,3.1022496223449707,4101006064326046130,6.5507258113939315e-05,0.00027963656149242432
334,76.61832001010464,0,3.0553047657012939,5261554379638570605,6.4289597503375262e-05,0.00028481253591980111
335,75.712013780946208,0,3.0091798305511475,13506675358179445325,6.3097751990426332e-05,0.00028988851192461536
336,74.824003487107106,0,2.9639320373535156,1695181896152645991,6.1930673837196082e-05,0.00029480997189376728
337,73.952573710803037,0,2.9195301532745361,7903544080286805951,6.0790331190219149e-05,0.00029961500648629889
338,73.096731091249694,0,2.8755035400390625,6657650433100482722,5.9675454394891858e-05,0.00030435782203636514
339,72.259105052411556,0,2.8323357105255127,14487537794777991522,5.8584937505656853e-05,0.00030901825597496804
340,71.438386970340432,0,2.7900702953338623,11964996522284483423,5.7517881941748783e-05,0.00031356384018535639
341,70.633265815600708,0,2.7486727237701416,1433811192860476220,5.6472788855899125e-05,0.00031806522948480602
342,69.839766577094224,0,2.7076811790466309,1049348220871386390,5.5450273066526279e-05,0.00032245797721606556
343,69.059852869463469,0,2.6675426959991455,1508282336325709257,5.4450203606393188e-05,0.00032677995222658959
344,68.294235775264411,0,2.6282501220703125,17130933018292056168,5.3471077990252525e-05,0.00033110171475340743
345,67.544264203323635,0,2.589808464050293,18190263820926121885,5.2514464186970145e-05,0.00033515445302803029
346,66.810436559819607,0,2.5516397953033447,3461880635427725385,5.1578939746832475e-05,0.00033902067742811256
347,66.093574755337116,0,2.5143551826477051,13169740097778041802,5.0665668823057786e-05,0.00034265274825480744
348,65.391767046489349,0,2.4779431819915771,5822615876841682470,4.9770271289162338e-05,0.00034617573095592448
349,64.706672999190971,0,2.4418344497680664,4465996363315637015,4.8895133659243584e-05,0.00034945541911867855
350,64.039039466993927,0,2.4066035747528076,15616771870091002161,4.8043551942100748e-05,0.00035245891173194389
351,63.386066899530562,0,2.3722207546234131,14811005358513787137,4.7207759052980691e-05,0.00035527338393430478
352,62.747750878698007,0,2.3381338119506836,7144461847057900786,4.6393488446483389e-05,0.00035781553430806669
353,62.122019534580296,0,2.3048951625823975,6879728327966362959,4.5593940740218386e-05,0.00036035357312139691
354,61.50659050372046,0,2.2720756530761719,16755586686052858038,4.4812462874688208e-05,0.00036284382215963866
355,60.900779319897232,0,2.2400298118591309,8979940882608606727,4.4051503209630027e-05,0.00036520773194479903
356,60.308027011137966,0,2.2087559700012207,4011783083646619015,4.3305659346515313e-05,0.00036756888804079902
357,59.725473571427408,0,2.1777496337890625,582976922608932737,4.2575273255351931e-05,0.0003698678523638116
358,59.153452531158671,0,2.1475324630737305,15751758160262710874,4.1861771023832262e-05,0.00037187700431103135
359,58.592903690853227,0,2.1180839538574219,7889687672098918707,4.1163853893522173e-05,0.00037377726286826253
360,58.042126154241352,0,2.0888814926147461,17089567998735623563,4.0481121686752886e-05,0.00037571065285787401
361,57.500491556578623,0,2.0604329109191895,3726872379800930836,3.9812861359678209e-05,0.00037760433936942614
362,56.970204388797974,0,2.0322575569152832,1168545910286127889,3.9158643630798906e-05,0.00037943213890528563
363,56.450069641411801,0,2.0048305988311768,7526582665605701693,3.851797737297602e-05,0.00038121792559249793
364,55.939114482201425,0,1.9776742458343506,7814455677076600188,3.7892543332418427e-05,0.0003827781886527338
365,55.439256020382615,0,1.9512467384338379,8187083980785679540,3.7281301047187299e-05,0.00038419254689816418
366,54.948104581487037,0,1.9250808954238892,1391578331844102660,3.6683872167486697e-05,0.00038546924242050163
367,54.466117076600987,0,1.8996219635009766,14157567269516069890,3.6098674172535539e-05,0.00038673474176440501
368,53.992384813884541,0,1.8748449087142944,1508204509537280209,3.5526722058421001e-05,0.00038791321941187515
369,53.526855138842578,0,1.8502820730209351,15561641879186194711,3.4966298699146137e-05,0.00038907696959491084
370,53.069812913625753,0,1.8263765573501587,15645256662269454557,3.4416661947034299e-05,0.00039022748971043213
371,52.62078473789461,0,1.8026782274246216,10107673217249290561,3.3879412512760609e-05,0.00039133677255040889
372,52.180095000137591,0,1.7796214818954468,12211604832578826737,3.3352142054354772e-05,0.00039242218839661273
373,51.746574666596864,0,1.7567687034606934,8709071732054002316,3.2836211175890639e-05,0.00039342085404517341
374,51.319948922540377,0,1.7345424890518188,17338009689423919233,3.2329775422113016e-05,0.00039438288718110574
375,50.901713187983049,0,1.7125163078308105,16914012620992288811,3.1834148103371263e-05,0.00039527362948505487
376,50.489373503813482,0,1.6911013126373291,16065776569060815847,3.1348125048680231e-05,0.00039606019441849275
377,50.08438381008812,0,1.6698821783065796,282189598820814963,3.0873645300744101e-05,0.00039677001103963363
378,49.68559582878995,0,1.6491720676422119,18196543133969194049,3.0408238671952859e-05,0.00039744359258408579
379,49.292449560019875,0,1.6286795139312744,10206842804216492433,2.9951639589853585e-05,0.00039809977496006326
380,48.905087358472748,0,1.6083990335464478,17172883488028111781,2.9504071790142916e-05,0.00039871048784959957
381,48.523531967525841,0,1.5887110233306885,16456672654034716804,2.9064918635413051e-05,0.0003992853181631121
382,48.14828575950871,0,1.569221019744873,7325118689498527684,2.8634367481572554e-05,0.00039983531436736479
383,47.77838000508212,0,1.5502994060516357,5195203858759116768,2.8211497919983231e-05,0.00040034778260771134
384,47.414190779305123,0,1.5315641164779663,14151745107895179183,2.7798152586910874e-05,0.00040079455564743279
385,47.055834526951067,0,1.5133596658706665,7293535329648191736,2.7391573894419707e-05,0.00040122092621601256
386,46.702667020325642,0,1.4953224658966064,10418090935515277936,2.6993415303877555e-05,0.00040160441954868953
387,46.354765480212706,0,1.4777345657348633,15549807993932170385,2.6602036086842418e-05,0.0004019600072853
388,46.011870944946921,0,1.4603296518325806,6424641224569924355,2.621880776132457e-05,0.00040225983796497256
389,45.673965099705413,0,1.4431042671203613,5811042528666063123,2.5842862669378519e-05,0.0004024979458389642
390,45.341283619836283,0,1.4263828992843628,15930594844342392271,2.5473473215242848e-05,0.00040269716727661615
391,45.013199020440219,0,1.4098224639892578,12433570579651675037,2.5111912691500038e-05,0.00040283741736288201
392,44.690048960547912,0,1.3936893939971924,14264919322660909363,2.4756858692853712e-05,0.00040294753678914397
393,44.371120548836906,0,1.3777263164520264,7154496120495444966,2.4408924218732864e-05,0.00040301603761513894
394,44.056945844099083,0,1.3619287014007568,15333934169075609048,2.4067285266937688e-05,0.00040304761283972647
395,43.747514287734816,0,1.3465502262115479,12309229029092583134,2.3731938199489377e-05,0.00040302049814029315
396,43.442640396893083,0,1.3313376903533936,5721858420886024785,2.3402908482239582e-05,0.00040296213716941535
397,43.14185763538655,0,1.316285252571106,3236414255842913191,2.3079455786501057e-05,0.00040287348637691389
398,42.846010467161086,0,1.3016867637634277,12138549638906610378,2.27621931117028e-05,0.0004027410117017861
399,42.553854290825015,0,1.287227988243103,15660872837106009380,2.2450025426223874e-05,0.0004025847202345932
400,42.267280633315643,0,1.2731521129608154,6974590232970582997,2.2143565729493275e-05,0.00040238787995700264
401,41.985321157846741,0,1.2592126131057739,1614246592018429692,2.1844170987606049e-05,0.00040211624116974037
402,41.708183434679462,0,1.2454091310501099,11484948895404342055,2.1549625671468675e-05,0.00040182192658125651
403,41.43514360006214,0,1.2319779396057129,12932268343710189228,2.1260497305775061e-05,0.00040149446266398196
404,41.165233289342886,0,1.2186793088912964,18023849708652772195,2.0978051907150075e-05,0.00040108138640454092
405,40.899151520989996,0,1.2055126428604126,7117670379292006918,2.0698824300779961e-05,0.00040065745657352384
406,40.63919226446442,0,1.1927071809768677,11291171907754952904,2.0423032765393145e-05,0.00040021195081935097
407,40.382840635084314,0,1.1800292730331421,18380216782170466532,2.0156296159257181e-05,0.00039966673975842733
408,40.129249200633772,0,1.1674779653549194,5638270289337542332,1.9893292119377293e-05,0.00039911765063600042
409,39.879791858532663,0,1.1552752256393433,2403248478628944436,1.9633949705166742e-05,0.0003985309006338279
410,39.633615820330157,0,1.1431945562362671,6459497708131102987,1.9379602235858329e-05,0.00039789150153294987
411,39.392112084139391,0,1.1312346458435059,18085389120101170796,1.9130775399389677e-05,0.000397201238395658
412,39.153770181647971,0,1.1196098327636719,10557572630738478066,1.8885451936512254e-05,0.00039649769540044642
413,38.918987688728073,0,1.1080993413925171,6575162854984831313,1.8644597730599344e-05,0.00039575539750859496
414,38.687633775860917,0,1.0966955423355103,8476828808475890588,1.840848199208267e-05,0.0003949639259810739
415,38.458985622201652,0,1.0856101512908936,15204425236582035198,1.8176144294557162e-05,0.00039413511753037204
416,38.23386996552906,0,1.0745949745178223,16274642834268833036,1.7948341337614693e-05,0.00039324318766065057
417,38.012833935153694,0,1.0636929273605347,14600136603163436745,1.7724372810334899e-05,0.00039233508603591201
418,37.794106490162243,0,1.0529026985168457,11151907290923551636,1.7504380593891256e-05,0.00039140893921532172
419,37.577895057426396,0,1.0424251556396484,2992070227708579308,1.7288781236857176e-05,0.00039042760359840037
420,37.365492041242589,0,1.0320531129837036,14483464057606023575,1.7077003576559946e-05,0.00038940381819241949
421,37.155768987103919,0,1.0217798948287964,10138651724792724512,1.6868938473635353e-05,0.0003883675825922098
422,36.94989667244463,0,1.011803150177002,17059830208630690062,1.6664636859786697e-05,0.00038727705936985045
423,36.747260005670626,0,1.0018907785415649,8461268799937895357,1.6463702195324004e-05,0.00038618275752203284
424,36.546947291793472,0,0.99207973480224609,18224818484297311459,1.626623998163268e-05,0.00038508442341614915
425,36.349381263707457,0,0.98236387968063354,9385888279946465711,1.6073210645117797e-05,0.0003838716082314609
426,36.155073112038714,0,0.97293359041213989,8858014424851029371,1.588348277437035e-05,0.00038265908988977361
427,35.964236410214809,0,0.96356546878814697,10709734276344638136,1.5696490663685836e-05,0.00038145732114409366
428,35.77522390774331,0,0.95429420471191406,10646335499592778556,1.55128218466416e-05,0.00038024304645225171
429,35.589085933003794,0,0.94511377811431885,1509118981847569850,1.5332720067817718e-05,0.00037897804973516838
430,35.406085981215988,0,0.93620753288269043,7647613962270872933,1.5155204891925678e-05,0.00037768943962798008
431,35.224941782950729,0,0.92736047506332397,8295781080701918600,1.4980736523284577e-05,0.00037639932505724504
432,35.047237923311869,0,0.91860491037368774,8018840020403182400,1.4809110325586516e-05,0.00037511263442505962
433,34.871380399078355,0,0.9101136326789856,4781679284515683082,1.4639802429883275e-05,0.00037383151287264077
434,34.697266155424167,0,0.90167874097824097,12948850753830162617,1.4474360796157271e-05,0.00037246102666062242
435,34.524956595370746,0,0.89330375194549561,12610455046083200400,1.4311877748696133e-05,0.00037108930854507974
436,34.355101394960862,0,0.88501816987991333,15326426598980389883,1.4151614777802024e-05,0.00036968751580316607
437,34.188812992374686,0,0.87681621313095093,1029997665650711985,1.3994057553645689e-05,0.00036830483151581255
438,34.024443701184161,0,0.86886775493621826,12945448383250109099,1.3838734048476908e-05,0.00036693513963437501
439,33.861840254550209,0,0.8609732985496521,317259966428554201,1.3685910744243301e-05,0.00036557444627665573
440,33.700887079766211,0,0.85316026210784912,14950373531978188183,1.3535249308915809e-05,0.00036422427640979779
441,33.541532439027698,0,0.84542310237884521,16668679109896923964,1.3386853424890433e-05,0.00036287679776854826
442,33.384002573098982,0,0.83792245388031006,12894396364361170115,1.324059849139303e-05,0.00036153284624370176
443,33.228290782312676,0,0.83046829700469971,1430769771191635470,1.309633535129251e-05,0.00036019492715199205
444,33.073925782370402,0,0.82308751344680786,15615456732145177575,1.2954435078427196e-05,0.0003588507130584728
445,32.92115846871279,0,0.81577563285827637,15097214938769956912,1.2815218724426813e-05,0.00035744537227102034
446,32.769630710026654,0,0.80868834257125854,7650222531625645530,1.267900279344758e-05,0.00035596348976143648
447,32.619692398311287,0,0.80164319276809692,13510828957082481916,1.2544829587568529e-05,0.00035451072967446342
448,32.471529422049379,0,0.79464352130889893,879837117028094459,1.2412748219503555e-05,0.00035306664295531136
449,32.324435990066632,0,0.78771376609802246,12430532366779594097,1.2281934687052853e-05,0.0003516442889359235
450,32.178744893497985,0,0.78084933757781982,12110458426544154090,1.2153655006841291e-05,0.00035022062175549647
451,32.034576818106771,0,0.77419990301132202,17952619235294620597,1.2027167031192221e-05,0.00034880359042961813
452,31.891445765045962,0,0.76759034395217896,9893380806428621536,1.1901852303708438e-05,0.00034740495494545333
453,31.749506616717657,0,0.76102352142333984,12947044883038357991,1.177903322968632e-05,0.00034599419695347032
454,31.609353124480222,0,0.75452220439910889,949051536389214867,1.1657569302769843e-05,0.00034459723160731555
455,31.47112164303223,0,0.74823027849197388,7038306903744564270,1.1537980753928423e-05,0.00034320098775631358
456,31.336038354705131,0,0.74197536706924438,16677336447506010083,1.1420464943512343e-05,0.00034178744023948812
457,31.202312953501465,0,0.73575806617736816,16381990773942490369,1.1304798135824967e-05,0.00034033893075575175
458,31.069784923126047,0,0.72958153486251831,15076408697565812245,1.1191084922757e-05,0.00033890085641417943
459,30.938340669309017,0,0.72346723079681396,5010431701270162062,1.1078700481448323e-05,0.00033747121354953477
460,30.808204616275063,0,0.71755427122116089,1776260536009640953,1.0968148671963718e-05,0.00033604728704136004
461,30.679102810865022,0,0.7116769552230835,10085028435149647008,1.0858635505428538e-05,0.00033463842887744138
462,30.551056655201954,0,0.70583564043045044,6686707286500124953,1.0750544788606931e-05,0.0003332376979046727
463,30.424265594847583,0,0.70003306865692139,12871364141631206578,1.0644142093951814e-05,0.00033184060415996779
464,30.298306266402289,0,0.69428914785385132,18101969013341749004,1.0539092727412935e-05,0.00033045137597859087
465,30.173188035005012,0,0.68860054016113281,9124291798386706472,1.043566589942202e-05,0.00032906081730058024
466,30.049260750677902,0,0.68310040235519409,2798690186131133243,1.0333424143027514e-05,0.00032767899445316963
467,29.926252062956802,0,0.67763179540634155,5520876648461234455,1.0232563909085002e-05,0.00032630465745629191
468,29.803995241365161,0,0.67219525575637817,6769969499146260892,1.0133295290870592e-05,0.00032492362180961798
469,29.682899122997146,0,0.66679346561431885,748003729631759967,1.0034895240096375e-05,0.00032355546792300205
470,29.562619794327105,0,0.66144508123397827,2903551326051642206,9.9380113169900142e-06,0.00032218590394581458
471,29.443558846234744,0,0.65627837181091309,1278924550218797294,9.8423261079005897e-06,0.00032082207663579906
472,29.325391522770691,0,0.65114235877990723,10615976928012480786,9.7480442491360009e-06,0.00031945732015477242
473,29.208087890446269,0,0.64603716135025024,11224045221252940134,9.6547400971758179e-06,0.00031810432125793881
474,29.09162770693554,0,0.64096301794052124,9862612378447761479,9.5629202405689284e-06,0.00031674661975545281
475,28.976016486339375,0,0.63592219352722168,7474189757810218012,9.4720498964306898e-06,0.00031540045454065167
476,28.861339403571094,0,0.63093167543411255,17929371421770790197,9.3824137366027571e-06,0.00031405926586933186
477,28.747813059624331,0,0.6261143684387207,14708869663283787732,9.2937289082328789e-06,0.00031272927514055225
478,28.634976545813561,0,0.6213262677192688,15603149301013400968,9.2062036856077611e-06,0.00031140317601951296
479,28.522703940355868,0,0.61656731367111206,4699416807197298139,9.1195615823380649e-06,0.0003100874115828679
480,28.41134579110512,0,0.61183738708496094,13631828384642865724,9.0341991381137632e-06,0.00030877274826874787
